"Date","Price","Open","High","Low","Vol.","Change %"
"04/30/2020","27.90","28.70","28.95","27.70","32.09M","-0.53%"
"04/29/2020","28.05","27.00","29.35","26.60","42.49M","2.94%"
"04/28/2020","27.25","27.25","27.80","26.85","18.70M","0.74%"
"04/27/2020","27.05","26.80","27.70","25.90","32.51M","1.69%"
"04/24/2020","26.60","28.05","28.15","26.30","34.14M","-6.01%"
"04/23/2020","28.30","29.60","29.90","27.85","33.49M","-4.39%"
"04/22/2020","29.60","29.00","30.30","28.80","35.03M","-0.17%"
"04/21/2020","29.65","29.40","30.45","27.55","76.22M","0.68%"
"04/20/2020","29.45","25.60","30.10","25.10","114.98M","17.33%"
"04/17/2020","25.10","25.10","25.50","24.70","26.61M","2.03%"
"04/16/2020","24.60","24.30","24.95","24.05","18.77M","0.41%"
"04/15/2020","24.50","24.10","25.95","23.85","39.62M","1.66%"
"04/13/2020","24.10","25.00","25.00","23.55","26.11M","-3.21%"
"04/09/2020","24.90","25.00","25.30","24.50","26.33M","0.61%"
"04/08/2020","24.75","24.50","25.50","23.30","37.25M","0.81%"
"04/07/2020","24.55","25.40","25.40","23.80","35.07M","1.87%"
"04/03/2020","24.10","24.50","24.95","22.80","45.33M","0.63%"
"04/01/2020","23.95","22.00","24.65","20.25","90.39M","6.68%"
"03/31/2020","22.45","25.55","25.55","22.05","75.27M","-9.84%"
"03/30/2020","24.90","27.65","27.70","24.55","54.98M","-5.50%"
"03/27/2020","26.35","29.05","33.25","26.00","118.57M","-0.94%"
"03/26/2020","26.60","29.35","31.00","25.20","119.58M","-10.14%"
"03/25/2020","29.60","35.30","35.50","28.50","95.16M","-15.43%"
"03/24/2020","35.00","43.65","43.70","34.55","79.66M","-11.95%"
"03/23/2020","39.75","41.30","49.50","39.25","93.89M","-13.30%"
"03/20/2020","45.85","59.20","67.30","41.25","118.19M","-14.86%"
"03/19/2020","53.85","61.65","61.80","42.80","147.33M","-10.92%"
"03/18/2020","60.45","64.50","87.30","49.90","364.15M","3.07%"
"03/17/2020","58.65","40.80","64.90","40.80","223.46M","58.09%"
"03/16/2020","37.10","26.70","40.40","26.05","166.52M","45.21%"
"03/13/2020","25.55","22.55","27.70","21.35","276.66M","2.00%"
"03/12/2020","25.05","28.70","28.70","17.45","337.81M","-13.02%"
"03/11/2020","28.80","23.35","29.60","23.35","413.68M","35.53%"
"03/09/2020","21.25","17.00","22.80","16.20","727.57M","31.58%"
"03/06/2020","16.15","33.15","33.15","5.65","1.26B","-56.11%"
"03/05/2020","36.80","29.40","37.85","28.00","784.70M","25.60%"
"03/04/2020","29.30","31.50","31.70","28.70","202.85M","-6.09%"
"03/03/2020","31.20","32.45","33.30","30.50","164.27M","-1.11%"
"03/02/2020","31.55","35.20","35.55","29.80","127.75M","-8.82%"
"02/28/2020","34.60","35.15","35.85","34.30","141.72M","-5.98%"
"02/27/2020","36.80","37.30","37.95","36.00","164.32M","0.68%"
"02/26/2020","36.55","34.90","37.05","34.45","149.23M","3.98%"
"02/25/2020","35.15","35.25","36.00","34.75","88.19M","0.57%"
"02/24/2020","34.95","35.50","35.90","34.15","105.85M","-1.41%"
"02/20/2020","35.45","35.30","36.50","34.65","119.44M","0.42%"
"02/19/2020","35.30","34.00","36.20","33.60","127.70M","0.71%"
"02/18/2020","35.05","37.35","37.50","33.65","229.07M","-5.65%"
"02/17/2020","37.15","39.50","40.10","36.60","116.08M","-4.50%"
"02/14/2020","38.90","37.50","40.20","37.50","187.90M","4.57%"
"02/13/2020","37.20","36.95","38.00","36.00","168.34M","5.68%"
"02/12/2020","35.20","36.75","36.75","35.05","101.37M","-4.48%"
"02/11/2020","36.85","37.75","38.10","36.70","96.79M","-1.86%"
"02/10/2020","37.55","40.00","40.75","37.10","142.25M","-2.97%"
"02/07/2020","38.70","38.80","39.95","38.15","127.16M","0.39%"
"02/06/2020","38.55","37.90","39.50","37.80","135.27M","2.53%"
"02/05/2020","37.60","35.10","39.70","34.05","281.10M","7.58%"
"02/04/2020","34.95","36.15","36.40","34.45","138.23M","-2.92%"
"02/03/2020","36.00","37.95","38.40","35.70","148.03M","-5.01%"
"02/01/2020","37.90","39.10","40.10","37.60","101.65M","-3.44%"
"01/31/2020","39.25","39.30","40.20","38.70","117.64M","0.51%"
"01/30/2020","39.05","40.80","40.85","38.55","150.56M","-5.22%"
"01/29/2020","41.20","41.85","42.35","41.00","141.48M","-1.08%"
"01/28/2020","41.65","42.50","43.30","41.25","106.17M","-1.77%"
"01/27/2020","42.40","42.30","43.45","41.85","134.24M","-0.93%"
"01/24/2020","42.80","41.20","45.00","41.10","289.85M","4.52%"
"01/23/2020","40.95","38.55","41.40","38.35","178.78M","6.50%"
"01/22/2020","38.45","38.70","39.00","38.00","62.40M","0.26%"
"01/21/2020","38.35","38.60","39.20","38.10","67.22M","-0.78%"
"01/20/2020","38.65","39.50","40.20","38.45","89.70M","-1.53%"
"01/17/2020","39.25","37.60","39.55","37.00","125.64M","-1.75%"
"01/16/2020","39.95","40.15","40.90","39.75","126.36M","0.50%"
"01/15/2020","39.75","38.45","41.10","36.65","400.70M","3.11%"
"01/14/2020","38.55","41.75","41.75","36.55","314.98M","-8.43%"
"01/13/2020","42.10","43.40","43.90","41.05","194.73M","-5.92%"
"01/10/2020","44.75","47.95","48.35","43.80","303.07M","-5.39%"
"01/09/2020","47.30","47.00","48.50","46.30","152.03M","2.71%"
"01/08/2020","46.05","46.25","47.20","45.30","140.07M","2.22%"
"01/07/2020","45.05","45.70","46.40","43.95","111.10M","-0.22%"
"01/06/2020","45.15","46.75","46.75","45.00","102.88M","-4.14%"
"01/03/2020","47.10","47.35","48.25","46.85","94.83M","-0.53%"
"01/02/2020","47.35","46.80","48.50","46.40","122.24M","1.50%"
"01/01/2020","46.65","46.95","47.50","46.50","102.29M","-0.64%"
"12/31/2019","46.95","47.30","48.05","46.35","141.42M","-0.84%"
"12/30/2019","47.35","47.90","48.95","46.65","152.51M","-1.35%"
"12/27/2019","48.00","49.50","49.75","47.65","154.96M","-1.34%"
"12/26/2019","48.65","51.00","51.60","48.25","216.38M","-4.98%"
"12/24/2019","51.20","50.15","52.00","50.05","242.78M","3.12%"
"12/23/2019","49.65","50.75","52.30","48.70","276.78M","-3.40%"
"12/20/2019","51.40","49.50","53.50","48.30","359.65M","3.01%"
"12/19/2019","49.90","46.00","51.40","44.95","307.94M","6.74%"
"12/18/2019","46.75","48.00","48.20","46.00","130.28M","-1.79%"
"12/17/2019","47.60","47.40","48.20","46.85","130.79M","1.71%"
"12/16/2019","46.80","47.25","48.00","45.95","172.27M","0.32%"
"12/13/2019","46.65","45.50","47.65","45.40","201.46M","2.87%"
"12/12/2019","45.35","43.15","48.80","42.80","398.20M","5.96%"
"12/11/2019","42.80","47.25","49.40","40.75","661.01M","-15.33%"
"12/10/2019","50.55","54.80","56.35","48.55","345.52M","-10.13%"
"12/09/2019","56.25","56.00","58.85","53.75","314.84M","0.45%"
"12/06/2019","56.00","60.10","60.75","55.15","282.44M","-9.82%"
"12/05/2019","62.10","63.00","64.00","60.85","224.99M","-1.43%"
"12/04/2019","63.00","58.55","63.45","56.65","340.84M","5.88%"
"12/03/2019","59.50","64.10","65.25","59.00","297.14M","-7.10%"
"12/02/2019","64.05","69.00","69.30","63.05","361.76M","-6.22%"
"11/29/2019","68.30","72.00","74.00","67.55","428.33M","-2.50%"
"11/28/2019","70.05","69.00","70.65","68.35","223.02M","2.64%"
"11/27/2019","68.25","68.10","69.00","65.65","254.61M","8.08%"
"11/26/2019","63.15","64.60","67.50","62.55","399.79M","-0.94%"
"11/25/2019","63.75","64.95","65.50","62.30","171.92M","-1.62%"
"11/22/2019","64.80","64.25","66.15","64.00","121.79M","0.86%"
"11/21/2019","64.25","66.90","66.90","63.80","133.53M","-2.43%"
"11/20/2019","65.85","62.10","66.45","62.00","229.22M","2.65%"
"11/19/2019","64.15","65.00","67.25","63.05","239.23M","-2.58%"
"11/18/2019","65.85","69.25","69.25","65.40","178.15M","-4.15%"
"11/15/2019","68.70","69.20","70.20","68.30","129.53M","-0.07%"
"11/14/2019","68.75","68.85","70.80","67.10","195.12M","0.81%"
"11/13/2019","68.20","74.40","75.30","67.10","317.91M","-6.58%"
"11/11/2019","73.00","70.00","73.55","69.15","263.95M","5.87%"
"11/08/2019","68.95","65.90","72.30","64.30","413.11M","3.76%"
"11/07/2019","66.45","68.00","69.30","66.00","189.86M","-3.28%"
"11/06/2019","68.70","68.55","71.15","67.55","226.08M","0.59%"
"11/05/2019","68.30","70.30","72.00","67.20","294.90M","3.25%"
"11/04/2019","66.15","59.95","71.30","56.65","421.00M","-0.68%"
"11/01/2019","66.60","71.00","71.85","65.00","431.58M","-5.40%"
"10/31/2019","70.40","56.10","78.70","54.90","836.97M","23.94%"
"10/30/2019","56.80","59.10","59.45","56.00","256.30M","-2.32%"
"10/29/2019","58.15","54.35","59.90","53.10","368.61M","6.21%"
"10/27/2019","54.75","54.75","54.75","54.75","","4.99%"
"10/25/2019","52.15","48.65","54.30","45.75","346.58M","7.97%"
"10/24/2019","48.30","51.20","52.55","47.45","230.79M","-5.66%"
"10/23/2019","51.20","51.80","53.50","49.20","296.72M","-1.16%"
"10/22/2019","51.80","53.00","56.60","50.25","407.44M","0.78%"
"10/18/2019","51.40","46.60","52.70","46.00","441.65M","8.44%"
"10/17/2019","47.40","41.90","48.20","40.70","422.75M","15.47%"
"10/16/2019","41.05","40.60","42.05","39.80","188.80M","1.11%"
"10/15/2019","40.60","41.10","41.45","39.00","193.60M","1.25%"
"10/14/2019","40.10","39.90","41.50","38.80","223.73M","1.26%"
"10/11/2019","39.60","41.00","42.00","37.00","339.48M","-3.30%"
"10/10/2019","40.95","41.70","42.70","40.15","207.27M","-5.32%"
"10/09/2019","43.25","45.45","45.45","41.05","343.53M","-5.26%"
"10/07/2019","45.65","45.95","46.80","42.80","355.29M","8.30%"
"10/04/2019","42.15","45.00","45.90","40.95","512.64M","-0.82%"
"10/03/2019","42.50","35.20","43.45","35.20","584.51M","32.81%"
"10/01/2019","32.00","42.00","44.30","29.00","808.96M","-22.71%"
"09/30/2019","41.40","48.25","49.10","40.95","356.67M","-15.08%"
"09/27/2019","48.75","50.00","52.90","48.40","306.87M","-4.51%"
"09/26/2019","51.05","53.90","54.25","50.55","249.67M","-4.93%"
"09/25/2019","53.70","55.90","56.85","53.10","152.43M","-4.19%"
"09/24/2019","56.05","54.90","57.65","53.55","171.83M","1.08%"
"09/23/2019","55.45","57.00","57.50","52.90","221.17M","-0.09%"
"09/20/2019","55.50","53.70","59.90","52.70","398.35M","2.59%"
"09/19/2019","54.10","64.70","64.80","53.00","321.27M","-15.60%"
"09/18/2019","64.10","66.00","66.45","61.70","186.94M","-1.54%"
"09/17/2019","65.10","67.10","68.80","64.65","150.93M","-2.91%"
"09/16/2019","67.05","67.60","68.20","65.95","128.19M","-2.19%"
"09/13/2019","68.55","67.00","69.50","64.10","278.29M","0.88%"
"09/12/2019","67.95","71.80","72.20","67.15","221.84M","-5.10%"
"09/11/2019","71.60","66.00","75.45","65.00","332.94M","13.47%"
"09/09/2019","63.10","60.10","64.10","59.85","150.90M","4.47%"
"09/06/2019","60.40","61.30","62.15","59.60","130.72M","-2.50%"
"09/05/2019","61.95","59.70","62.35","58.85","177.92M","4.21%"
"09/04/2019","59.45","58.35","60.30","57.25","143.74M","1.19%"
"09/03/2019","58.75","59.25","62.30","57.65","196.33M","-2.00%"
"08/30/2019","59.95","58.25","60.95","55.50","226.40M","4.44%"
"08/29/2019","57.40","59.25","59.30","55.00","188.75M","-3.53%"
"08/28/2019","59.50","64.50","65.15","58.05","223.17M","-7.75%"
"08/27/2019","64.50","62.90","65.35","62.50","191.00M","2.54%"
"08/26/2019","62.90","62.95","64.70","57.35","277.80M","6.16%"
"08/23/2019","59.25","56.40","61.25","54.75","309.37M","5.24%"
"08/22/2019","56.30","66.40","67.70","53.20","314.69M","-13.91%"
"08/21/2019","65.40","71.20","71.50","64.55","228.21M","-8.15%"
"08/20/2019","71.20","76.95","76.95","70.50","167.97M","-7.11%"
"08/19/2019","76.65","79.45","80.75","76.00","127.65M","-3.52%"
"08/16/2019","79.45","79.00","81.45","76.85","143.48M","3.79%"
"08/14/2019","76.55","74.90","77.90","70.55","173.11M","4.01%"
"08/13/2019","73.60","84.00","84.20","72.85","206.71M","-10.41%"
"08/09/2019","82.15","91.80","92.45","81.15","187.03M","-7.90%"
"08/08/2019","89.20","89.25","89.90","84.80","122.33M","2.71%"
"08/07/2019","86.85","86.50","92.00","86.10","171.43M","1.76%"
"08/06/2019","85.35","80.90","86.65","79.70","134.82M","5.24%"
"08/05/2019","81.10","88.00","88.00","79.50","136.35M","-8.15%"
"08/02/2019","88.30","87.80","90.90","86.80","106.40M","-0.11%"
"08/01/2019","88.40","88.95","91.30","85.75","111.84M","-3.07%"
"07/31/2019","91.20","86.00","92.35","84.75","133.06M","5.98%"
"07/30/2019","86.05","95.00","96.30","81.15","120.98M","-9.18%"
"07/29/2019","94.75","95.70","98.70","91.35","138.29M","-1.35%"
"07/26/2019","96.05","88.75","96.90","87.10","186.10M","9.58%"
"07/25/2019","87.65","88.40","90.40","85.85","113.02M","-1.68%"
"07/24/2019","89.15","91.50","93.65","88.15","104.01M","-1.65%"
"07/23/2019","90.65","89.00","93.90","87.10","164.96M","-0.55%"
"07/22/2019","91.15","83.30","92.50","81.70","208.76M","9.49%"
"07/19/2019","83.25","86.00","86.90","82.60","145.86M","-2.97%"
"07/18/2019","85.80","88.60","90.25","79.15","229.26M","-12.80%"
"07/17/2019","98.40","108.50","108.50","97.55","238.38M","-5.25%"
"07/16/2019","103.85","94.00","106.50","92.25","228.68M","11.43%"
"07/15/2019","93.20","95.00","99.30","92.55","126.74M","-1.06%"
"07/12/2019","94.20","93.25","94.85","91.65","60.70M","1.89%"
"07/11/2019","92.45","94.00","95.00","90.70","73.43M","-0.59%"
"07/10/2019","93.00","92.15","94.00","91.50","75.78M","1.81%"
"07/09/2019","91.35","95.00","97.00","90.30","137.86M","-1.93%"
"07/08/2019","93.15","87.00","94.60","85.65","197.68M","5.67%"
"07/05/2019","88.15","95.00","96.85","87.40","220.55M","-8.42%"
"07/04/2019","96.25","101.00","102.15","95.20","108.11M","-3.51%"
"07/03/2019","99.75","100.75","103.80","98.85","112.67M","-1.04%"
"07/02/2019","100.80","108.05","108.05","99.80","149.67M","-7.65%"
"07/01/2019","109.15","109.50","110.50","107.65","42.55M","0.37%"
"06/28/2019","108.75","112.50","113.00","107.50","68.86M","-3.25%"
"06/27/2019","112.40","113.05","114.50","111.80","51.28M","-0.57%"
"06/26/2019","113.05","109.00","114.65","108.40","72.88M","2.73%"
"06/25/2019","110.05","111.00","112.50","109.10","56.89M","-1.70%"
"06/24/2019","111.95","112.00","114.00","108.85","79.70M","2.14%"
"06/21/2019","109.60","114.55","114.80","108.25","106.42M","-4.32%"
"06/20/2019","114.55","102.00","115.90","98.70","159.39M","11.00%"
"06/19/2019","103.20","109.00","111.45","101.30","126.46M","-5.58%"
"06/18/2019","109.30","116.00","117.50","107.10","116.61M","-5.90%"
"06/17/2019","116.15","118.00","118.35","113.75","84.44M","0.96%"
"06/14/2019","115.05","118.50","121.00","112.85","155.17M","-1.75%"
"06/13/2019","117.10","130.80","130.80","116.00","197.16M","-13.10%"
"06/12/2019","134.75","136.00","137.80","133.60","56.24M","-3.44%"
"06/11/2019","139.55","135.00","143.50","133.75","80.95M","2.69%"
"06/10/2019","135.90","141.90","145.00","132.55","86.40M","-2.86%"
"06/07/2019","139.90","143.40","145.45","136.15","66.21M","-2.44%"
"06/06/2019","143.40","148.45","151.20","142.30","65.17M","-6.15%"
"06/04/2019","152.80","148.80","153.85","148.55","45.56M","2.24%"
"06/03/2019","149.45","148.00","149.90","144.50","40.27M","1.12%"
"05/31/2019","147.80","156.60","157.00","147.00","63.37M","-4.65%"
"05/30/2019","155.00","150.20","156.50","149.90","55.48M","2.18%"
"05/29/2019","151.70","154.00","156.00","150.65","49.00M","-0.72%"
"05/28/2019","152.80","148.95","154.90","148.20","81.67M","4.09%"
"05/27/2019","146.80","142.00","148.45","140.85","67.26M","3.97%"
"05/24/2019","141.20","141.00","142.90","139.50","45.28M","1.04%"
"05/23/2019","139.75","143.90","150.80","138.75","111.72M","1.60%"
"05/22/2019","137.55","141.00","141.25","135.50","58.67M","-2.45%"
"05/21/2019","141.00","145.00","145.00","138.50","59.50M","-1.78%"
"05/20/2019","143.55","142.50","144.90","137.00","82.21M","7.01%"
"05/17/2019","134.15","141.00","146.00","132.45","117.94M","-2.61%"
"05/16/2019","137.75","144.00","145.90","134.65","82.73M","-3.64%"
"05/15/2019","142.95","154.20","154.30","141.80","95.90M","-8.28%"
"05/14/2019","155.85","155.10","158.90","151.40","62.64M","0.74%"
"05/13/2019","154.70","164.90","165.45","154.00","60.88M","-5.58%"
"05/10/2019","163.85","172.75","174.25","162.80","62.26M","-3.79%"
"05/09/2019","170.30","158.00","171.40","156.50","88.65M","5.94%"
"05/08/2019","160.75","165.00","166.50","160.00","47.39M","-2.43%"
"05/07/2019","164.75","169.00","169.95","163.65","40.45M","-0.90%"
"05/06/2019","166.25","168.05","171.90","165.50","49.50M","-5.49%"
"05/03/2019","175.90","177.00","177.80","169.70","58.95M","1.24%"
"05/02/2019","173.75","162.00","178.00","160.00","124.18M","3.42%"
"04/30/2019","168.00","213.50","213.50","165.60","217.22M","-29.17%"
"04/26/2019","237.20","239.90","240.35","232.10","48.52M","0.06%"
"04/25/2019","237.05","241.00","250.40","236.05","71.64M","-0.88%"
"04/24/2019","239.15","233.00","240.40","231.20","38.52M","2.77%"
"04/23/2019","232.70","239.00","244.65","230.50","43.23M","-2.37%"
"04/22/2019","238.35","253.95","254.40","237.00","37.47M","-6.82%"
"04/18/2019","255.80","266.40","267.95","254.05","32.49M","-4.00%"
"04/16/2019","266.45","267.55","269.20","265.00","16.37M","0.36%"
"04/15/2019","265.50","268.45","269.90","264.80","13.51M","-0.90%"
"04/12/2019","267.90","269.70","271.90","265.80","21.74M","-0.43%"
"04/11/2019","269.05","268.75","270.25","264.00","20.36M","0.30%"
"04/10/2019","268.25","272.00","275.45","267.50","32.02M","-0.87%"
"04/09/2019","270.60","261.90","272.00","258.70","39.20M","4.06%"
"04/08/2019","260.05","267.10","268.10","258.25","26.25M","-2.55%"
"04/05/2019","266.85","270.00","274.00","264.25","28.32M","-0.45%"
"04/04/2019","268.05","274.00","275.00","265.00","42.00M","-2.06%"
"04/03/2019","273.70","283.50","286.00","272.20","31.81M","-2.35%"
"04/02/2019","280.30","278.20","282.05","274.80","24.71M","1.59%"
"04/01/2019","275.90","276.00","280.00","273.80","27.81M","0.29%"
"03/29/2019","275.10","277.90","281.50","273.55","35.86M","-0.36%"
"03/28/2019","276.10","270.65","277.70","268.30","48.08M","2.85%"
"03/27/2019","268.45","258.40","269.85","256.10","84.16M","5.81%"
"03/26/2019","253.70","247.50","254.80","247.45","20.57M","2.61%"
"03/25/2019","247.25","250.00","250.40","246.10","23.54M","-2.12%"
"03/22/2019","252.60","253.00","257.50","250.35","34.02M","0.18%"
"03/20/2019","252.15","248.75","253.00","246.40","26.82M","1.35%"
"03/19/2019","248.80","246.65","250.50","245.00","21.45M","1.16%"
"03/18/2019","245.95","247.00","248.55","241.80","24.83M","0.37%"
"03/15/2019","245.05","251.70","252.80","243.50","38.72M","-1.92%"
"03/14/2019","249.85","248.00","254.00","246.15","59.68M","2.27%"
"03/13/2019","244.30","236.00","247.60","232.70","58.88M","3.58%"
"03/12/2019","235.85","238.00","239.20","235.00","22.10M","-0.19%"
"03/11/2019","236.30","233.00","238.00","231.60","21.19M","1.72%"
"03/08/2019","232.30","231.70","234.90","229.50","23.23M","0.26%"
"03/07/2019","231.70","235.50","236.00","228.65","27.23M","-1.53%"
"03/06/2019","235.30","238.10","240.65","232.95","24.66M","-0.91%"
"03/05/2019","237.45","236.00","240.75","234.50","30.85M","-0.06%"
"03/01/2019","237.60","234.90","238.50","234.10","42.01M","2.79%"
"02/28/2019","231.15","230.00","232.75","226.80","45.75M","1.29%"
"02/27/2019","228.20","233.00","236.80","223.65","74.65M","-0.57%"
"02/26/2019","229.50","223.20","234.45","220.10","84.30M","0.17%"
"02/25/2019","229.10","223.85","230.60","221.20","47.83M","3.20%"
"02/22/2019","222.00","214.50","223.70","213.10","51.33M","3.18%"
"02/21/2019","215.15","218.85","218.85","214.00","27.98M","-1.24%"
"02/20/2019","217.85","216.90","219.80","213.35","48.43M","2.35%"
"02/19/2019","212.85","215.10","218.10","211.55","33.99M","-0.33%"
"02/18/2019","213.55","201.00","216.70","201.00","89.97M","-2.49%"
"02/15/2019","219.00","226.90","226.90","211.30","141.19M","-1.02%"
"02/14/2019","221.25","186.35","224.00","186.35","264.72M","30.57%"
"02/13/2019","169.45","173.95","174.70","168.10","26.23M","-1.85%"
"02/12/2019","172.65","173.00","176.25","172.10","22.30M","-0.35%"
"02/11/2019","173.25","175.10","176.00","170.10","29.51M","-1.06%"
"02/08/2019","175.10","177.00","178.50","173.25","32.56M","-1.05%"
"02/07/2019","176.95","177.10","181.80","175.25","44.50M","0.28%"
"02/06/2019","176.45","178.90","178.95","173.00","45.39M","0.20%"
"02/05/2019","176.10","179.80","183.50","175.00","44.48M","-2.06%"
"02/04/2019","179.80","184.25","184.70","175.60","60.77M","-3.13%"
"02/01/2019","185.60","195.90","197.20","181.25","66.60M","-4.38%"
"01/31/2019","194.10","202.00","202.45","190.15","67.80M","-2.71%"
"01/30/2019","199.50","211.00","212.00","198.30","65.31M","-1.68%"
"01/29/2019","202.90","207.00","209.45","195.70","76.65M","-2.22%"
"01/28/2019","207.50","222.45","223.00","206.10","58.02M","-5.51%"
"01/25/2019","219.60","225.00","245.00","218.00","183.43M","1.95%"
"01/24/2019","215.40","199.00","235.00","189.00","127.60M","9.20%"
"01/23/2019","197.25","194.50","199.50","193.65","46.39M","2.63%"
"01/22/2019","192.20","191.50","193.80","187.40","38.38M","0.13%"
"01/21/2019","191.95","199.30","200.50","190.70","37.31M","-3.35%"
"01/18/2019","198.60","202.00","203.05","196.20","41.86M","-1.44%"
"01/17/2019","201.50","209.25","209.55","200.25","60.54M","-3.29%"
"01/16/2019","208.35","204.80","209.15","203.50","58.02M","2.64%"
"01/15/2019","203.00","196.60","205.00","196.10","82.31M","3.92%"
"01/14/2019","195.35","185.00","198.00","182.30","98.09M","6.02%"
"01/11/2019","184.25","188.70","189.90","182.75","33.60M","-1.42%"
"01/10/2019","186.90","188.00","188.90","184.20","36.30M","0.24%"
"01/09/2019","186.45","193.95","193.95","181.50","63.67M","-3.07%"
"01/08/2019","192.35","188.00","193.20","185.00","40.56M","2.78%"
"01/07/2019","187.15","193.90","194.40","185.80","40.52M","-1.32%"
"01/04/2019","189.65","184.85","190.30","181.55","45.92M","3.01%"
"01/03/2019","184.10","185.25","186.00","183.50","20.24M","-0.30%"
"01/02/2019","184.65","183.45","187.00","182.50","32.58M","0.22%"
"01/01/2019","184.25","182.60","185.90","181.00","24.16M","1.35%"
"12/31/2018","181.80","183.20","183.85","181.00","18.97M","0.19%"
"12/28/2018","181.45","180.00","183.30","180.00","27.14M","1.88%"
"12/27/2018","178.10","183.00","183.45","177.05","44.30M","-0.75%"
"12/26/2018","179.45","182.50","182.65","174.25","47.42M","-1.56%"
"12/24/2018","182.30","184.00","185.50","181.25","32.86M","-0.36%"
"12/21/2018","182.95","188.00","188.45","180.85","40.86M","-2.03%"
"12/20/2018","186.75","179.00","187.60","178.00","61.97M","4.01%"
"12/19/2018","179.55","180.50","183.15","178.60","40.25M","0.31%"
"12/18/2018","179.00","180.00","180.90","176.75","35.73M","-1.10%"
"12/17/2018","181.00","183.25","184.45","179.45","35.27M","0.36%"
"12/14/2018","180.35","172.70","181.60","168.25","79.57M","3.23%"
"12/13/2018","174.70","193.00","193.20","172.30","108.92M","-6.38%"
"12/12/2018","186.60","182.00","187.50","181.55","71.83M","4.92%"
"12/11/2018","177.85","164.50","179.85","163.80","85.10M","7.36%"
"12/10/2018","165.65","162.00","169.50","160.00","50.38M","-0.33%"
"12/07/2018","166.20","170.00","172.00","162.00","49.75M","-1.34%"
"12/06/2018","168.45","169.00","172.50","167.35","38.87M","-2.85%"
"12/05/2018","173.40","173.50","178.45","172.20","52.29M","-1.76%"
"12/04/2018","176.50","180.35","182.45","175.25","68.04M","-0.84%"
"12/03/2018","178.00","174.00","179.50","165.30","104.72M","4.83%"
"11/30/2018","169.80","164.00","171.35","160.45","120.15M","5.83%"
"11/29/2018","160.45","157.05","167.00","146.75","292.04M","-1.02%"
"11/28/2018","162.10","180.40","181.00","160.30","140.72M","-11.25%"
"11/27/2018","182.65","193.00","193.80","180.35","70.07M","-2.79%"
"11/26/2018","187.90","189.00","191.95","182.20","60.42M","-3.91%"
"11/22/2018","195.55","200.00","203.85","194.65","44.35M","-1.31%"
"11/21/2018","198.15","196.10","200.80","194.60","47.63M","3.15%"
"11/20/2018","192.10","198.00","199.75","191.00","77.36M","-6.20%"
"11/19/2018","204.80","198.10","205.95","194.35","64.33M","7.23%"
"11/16/2018","191.00","201.75","201.75","187.80","88.10M","-7.21%"
"11/15/2018","205.85","215.00","217.95","202.25","60.95M","-7.44%"
"11/14/2018","222.40","226.90","229.00","221.00","19.78M","-1.35%"
"11/13/2018","225.45","222.00","226.85","220.00","19.01M","1.08%"
"11/12/2018","223.05","230.00","230.85","221.10","29.07M","-2.13%"
"11/09/2018","227.90","214.00","229.40","213.20","40.75M","5.53%"
"11/07/2018","215.95","217.45","218.00","215.50","3.96M","0.70%"
"11/06/2018","214.45","212.25","217.90","211.00","26.92M","2.07%"
"11/05/2018","210.10","209.00","212.35","206.10","21.13M","0.48%"
"11/02/2018","209.10","212.75","215.90","207.65","51.69M","2.47%"
"11/01/2018","204.05","192.00","205.75","189.05","69.20M","8.48%"
"10/31/2018","188.10","185.00","189.50","179.65","53.26M","3.32%"
"10/30/2018","182.05","182.00","189.90","180.65","43.43M","0.41%"
"10/29/2018","181.30","185.00","185.90","174.75","52.33M","0.33%"
"10/26/2018","180.70","178.55","191.65","168.60","95.76M","-8.90%"
"10/25/2018","198.35","202.60","207.50","195.00","59.17M","-2.77%"
"10/24/2018","204.00","217.50","220.00","202.00","38.01M","-4.32%"
"10/23/2018","213.20","209.00","216.70","206.50","28.29M","0.80%"
"10/22/2018","211.50","221.00","222.35","208.50","33.63M","-2.94%"
"10/19/2018","217.90","225.00","230.55","213.00","50.34M","-6.04%"
"10/17/2018","231.90","252.50","254.85","228.50","37.77M","-6.83%"
"10/16/2018","248.90","247.00","251.40","245.60","18.10M","1.18%"
"10/15/2018","246.00","248.95","250.60","241.55","24.69M","-0.18%"
"10/12/2018","246.45","247.00","254.40","244.50","43.54M","2.60%"
"10/11/2018","240.20","222.00","268.95","216.65","94.68M","2.69%"
"10/10/2018","233.90","229.00","237.00","219.40","52.35M","4.12%"
"10/09/2018","224.65","225.50","233.80","222.60","49.48M","1.56%"
"10/08/2018","221.20","210.00","226.60","207.40","62.35M","7.38%"
"10/05/2018","206.00","215.00","218.50","203.10","40.55M","-4.19%"
"10/04/2018","215.00","209.40","220.00","205.05","65.60M","1.06%"
"10/03/2018","212.75","205.00","222.95","202.25","97.95M","5.92%"
"10/01/2018","200.85","180.00","203.80","170.60","130.99M","9.37%"
"09/28/2018","183.65","203.60","204.00","165.00","148.66M","-9.64%"
"09/27/2018","203.25","226.00","227.00","202.05","91.20M","-9.16%"
"09/26/2018","223.75","223.00","229.80","217.00","62.82M","1.84%"
"09/25/2018","219.70","230.00","238.85","197.25","110.22M","-2.96%"
"09/24/2018","226.40","236.50","237.50","215.85","105.70M","-0.04%"
"09/21/2018","226.50","287.30","287.30","218.10","293.55M","-29.04%"
"09/19/2018","319.20","326.00","328.75","318.05","16.19M","-1.34%"
"09/18/2018","323.55","319.35","328.95","319.10","30.24M","1.55%"
"09/17/2018","318.60","317.50","321.85","315.95","18.55M","-1.39%"
"09/14/2018","323.10","318.50","328.50","316.70","36.63M","2.80%"
"09/12/2018","314.30","318.00","319.95","310.60","26.12M","-0.73%"
"09/11/2018","316.60","326.00","327.85","314.60","28.55M","-2.18%"
"09/10/2018","323.65","323.65","328.90","316.00","43.30M","0.08%"
"09/07/2018","323.40","341.00","341.05","321.80","48.83M","-4.66%"
"09/06/2018","339.20","346.55","347.80","337.90","17.53M","-1.34%"
"09/05/2018","343.80","332.90","344.90","332.25","24.81M","2.92%"
"09/04/2018","334.05","340.75","343.40","332.55","22.06M","-1.47%"
"09/03/2018","339.05","347.95","348.00","337.20","26.14M","-1.30%"
"08/31/2018","343.50","343.00","350.00","336.25","84.02M","-5.04%"
"08/30/2018","361.75","369.00","369.00","358.00","28.16M","-0.93%"
"08/29/2018","365.15","373.65","378.55","362.00","30.55M","-1.47%"
"08/28/2018","370.60","386.00","386.00","362.80","26.31M","-3.24%"
"08/27/2018","383.00","378.00","384.65","377.00","9.56M","2.35%"
"08/24/2018","374.20","387.00","388.70","372.85","16.30M","-3.71%"
"08/23/2018","388.60","395.25","395.50","383.35","9.26M","-0.70%"
"08/21/2018","391.35","396.00","397.45","389.50","9.99M","-0.67%"
"08/20/2018","394.00","396.80","404.00","392.55","15.25M","0.20%"
"08/17/2018","393.20","382.40","395.65","380.30","16.09M","3.90%"
"08/16/2018","378.45","381.20","384.85","374.20","11.57M","-1.06%"
"08/14/2018","382.50","369.00","384.30","368.15","12.35M","3.18%"
"08/13/2018","370.70","379.00","383.00","368.30","9.21M","-3.17%"
"08/10/2018","382.85","382.00","391.00","381.00","13.92M","0.47%"
"08/09/2018","381.05","383.50","384.70","377.65","5.85M","-0.44%"
"08/08/2018","382.75","382.60","385.75","379.55","6.77M","0.29%"
"08/07/2018","381.65","380.00","386.40","376.50","13.53M","0.99%"
"08/06/2018","377.90","374.00","380.70","373.45","12.02M","1.26%"
"08/03/2018","373.20","364.00","374.00","364.00","10.63M","3.15%"
"08/02/2018","361.80","364.95","365.65","356.65","8.37M","-1.11%"
"08/01/2018","365.85","369.90","371.55","362.00","7.74M","-0.57%"
"07/31/2018","367.95","370.00","374.70","366.40","9.73M","-0.37%"
"07/30/2018","369.30","372.00","373.00","365.25","11.47M","-0.19%"
"07/27/2018","370.00","374.90","374.90","362.40","17.10M","0.07%"
"07/26/2018","369.75","385.00","386.30","358.55","35.25M","-3.43%"
"07/25/2018","382.90","386.00","392.70","381.50","12.47M","-0.38%"
"07/24/2018","384.35","389.20","390.00","382.70","9.79M","-0.58%"
"07/23/2018","386.60","387.90","392.35","382.75","9.51M","0.03%"
"07/20/2018","386.50","391.10","392.50","385.30","10.08M","-1.48%"
"07/19/2018","392.30","380.95","394.35","379.40","17.05M","2.25%"
"07/18/2018","383.65","381.90","388.00","378.00","10.47M","0.75%"
"07/17/2018","380.80","377.90","385.90","375.60","12.59M","0.61%"
"07/16/2018","378.50","376.00","380.80","369.60","9.09M","0.66%"
"07/13/2018","376.00","376.90","380.30","367.30","15.45M","0.32%"
"07/12/2018","374.80","372.50","385.00","372.50","17.87M","0.86%"
"07/11/2018","371.60","370.95","373.35","367.45","9.42M","0.05%"
"07/10/2018","371.40","363.90","373.10","360.00","20.40M","2.23%"
"07/09/2018","363.30","356.10","366.90","355.00","16.84M","3.03%"
"07/06/2018","352.60","348.30","357.70","347.00","17.79M","1.13%"
"07/05/2018","348.65","338.75","350.80","338.60","21.24M","3.90%"
"07/04/2018","335.55","337.00","337.50","332.50","4.51M","-0.40%"
"07/03/2018","336.90","337.70","340.50","335.30","5.00M","-0.04%"
"07/02/2018","337.05","338.05","341.70","332.35","8.09M","-0.77%"
"06/29/2018","339.65","330.70","341.75","329.65","8.96M","3.14%"
"06/28/2018","329.30","336.40","336.40","327.30","8.13M","-1.88%"
"06/27/2018","335.60","336.00","337.75","331.05","6.93M","-0.10%"
"06/26/2018","335.95","333.10","337.75","332.05","4.71M","0.54%"
"06/25/2018","334.15","334.75","338.95","332.90","5.79M","-0.28%"
"06/22/2018","335.10","333.60","335.70","329.50","6.01M","0.65%"
"06/21/2018","332.95","336.80","337.60","331.20","5.13M","-0.94%"
"06/20/2018","336.10","331.90","337.00","331.40","7.72M","1.57%"
"06/19/2018","330.90","330.95","334.50","328.50","8.57M","-0.23%"
"06/18/2018","331.65","330.80","333.85","327.70","6.79M","0.30%"
"06/15/2018","330.65","333.00","336.20","328.65","8.52M","-1.94%"
"06/14/2018","337.20","333.00","338.35","330.55","6.82M","1.20%"
"06/13/2018","333.20","336.90","336.90","331.50","7.53M","0.30%"
"06/12/2018","332.20","335.70","337.95","331.20","9.85M","-1.04%"
"06/11/2018","335.70","338.60","344.85","334.70","11.98M","-0.58%"
"06/08/2018","337.65","337.50","340.25","335.05","5.85M","-0.56%"
"06/07/2018","339.55","341.20","345.50","338.00","9.63M","0.12%"
"06/06/2018","339.15","337.95","340.55","332.55","8.21M","0.71%"
"06/05/2018","336.75","342.50","342.75","333.65","8.49M","-1.81%"
"06/04/2018","342.95","343.90","350.90","342.00","14.50M","0.07%"
"06/01/2018","342.70","347.00","348.70","340.25","9.47M","-1.01%"
"05/31/2018","346.20","345.40","349.40","338.00","17.91M","0.89%"
"05/30/2018","343.15","335.75","344.00","332.65","10.04M","1.51%"
"05/29/2018","338.05","344.40","345.90","335.10","7.87M","-2.07%"
"05/28/2018","345.20","341.50","348.25","340.75","8.98M","1.71%"
"05/25/2018","339.40","333.00","341.90","332.00","6.96M","2.85%"
"05/24/2018","330.00","336.70","337.00","325.60","8.08M","-1.11%"
"05/23/2018","333.70","335.00","338.75","331.50","7.74M","-0.30%"
"05/22/2018","334.70","334.10","340.75","331.00","10.87M","0.16%"
"05/21/2018","334.15","346.00","349.20","333.05","8.75M","-3.29%"
"05/18/2018","345.50","346.50","348.80","343.10","8.94M","0.06%"
"05/17/2018","345.30","351.50","352.00","344.00","6.70M","-1.27%"
"05/16/2018","349.75","344.00","356.45","342.00","12.71M","1.16%"
"05/15/2018","345.75","346.00","354.60","343.60","12.81M","0.28%"
"05/14/2018","344.80","350.80","353.80","343.10","7.47M","-1.56%"
"05/11/2018","350.25","346.50","351.80","341.80","7.64M","1.62%"
"05/10/2018","344.65","350.95","350.95","342.65","7.33M","-0.92%"
"05/09/2018","347.85","344.45","349.75","343.20","9.80M","1.33%"
"05/08/2018","343.30","350.00","353.95","340.50","11.67M","-1.32%"
"05/07/2018","347.90","347.80","350.00","342.65","6.78M","0.81%"
"05/04/2018","345.10","354.50","357.75","344.20","12.24M","-2.50%"
"05/03/2018","353.95","354.00","359.25","346.50","15.43M","-0.08%"
"05/02/2018","354.25","361.95","364.70","351.70","13.06M","-2.14%"
"04/30/2018","362.00","350.90","367.20","350.30","28.40M","3.75%"
"04/27/2018","348.90","365.00","369.00","345.10","52.23M","-0.99%"
"04/26/2018","352.40","327.95","360.25","323.60","62.37M","8.35%"
"04/25/2018","325.25","323.75","328.50","317.45","15.37M","0.39%"
"04/24/2018","324.00","314.00","328.80","314.00","24.39M","3.50%"
"04/23/2018","313.05","310.90","317.00","309.00","10.93M","1.46%"
"04/20/2018","308.55","317.70","317.70","306.05","21.80M","-3.12%"
"04/19/2018","318.50","311.00","319.50","309.00","13.50M","2.89%"
"04/18/2018","309.55","311.00","313.70","308.75","11.32M","0.54%"
"04/17/2018","307.90","311.90","313.35","307.25","12.51M","-0.79%"
"04/16/2018","310.35","307.00","311.10","306.45","10.81M","0.26%"
"04/13/2018","309.55","312.60","314.45","305.70","12.85M","-0.71%"
"04/12/2018","311.75","312.20","313.35","308.00","11.36M","-0.08%"
"04/11/2018","312.00","320.00","320.00","310.50","9.92M","-2.27%"
"04/10/2018","319.25","320.10","320.50","315.00","9.98M","0.95%"
"04/09/2018","316.25","316.00","319.90","314.40","14.00M","0.56%"
"04/06/2018","314.50","314.70","316.00","311.60","8.60M","0.46%"
"04/05/2018","313.05","311.80","315.60","307.80","11.45M","2.49%"
"04/04/2018","305.45","313.00","320.00","304.00","13.52M","-2.44%"
"04/03/2018","313.10","306.45","314.20","304.00","10.39M","2.24%"
"04/02/2018","306.25","307.00","308.50","303.60","8.84M","0.46%"
"03/28/2018","304.85","300.15","307.50","299.10","14.95M","0.44%"
"03/27/2018","303.50","307.00","309.25","300.70","15.27M","0.05%"
"03/26/2018","303.35","286.50","304.90","286.00","24.24M","5.83%"
"03/23/2018","286.65","293.00","293.05","285.00","21.62M","-3.89%"
"03/22/2018","298.25","301.80","303.70","295.75","19.36M","-0.83%"
"03/21/2018","300.75","305.00","309.05","300.05","13.38M","-0.55%"
"03/20/2018","302.40","303.00","305.80","299.70","9.87M","-0.79%"
"03/19/2018","304.80","316.00","316.50","302.50","11.27M","-2.59%"
"03/16/2018","312.90","312.40","316.85","310.00","17.09M","0.34%"
"03/15/2018","311.85","318.95","321.00","310.85","10.00M","-2.20%"
"03/14/2018","318.85","311.80","321.90","308.20","12.91M","1.93%"
"03/13/2018","312.80","310.00","315.40","309.80","11.44M","0.53%"
"03/12/2018","311.15","305.20","314.50","301.35","12.86M","2.61%"
"03/09/2018","303.25","310.00","310.95","301.30","11.60M","-1.72%"
"03/08/2018","308.55","312.30","313.25","294.70","24.03M","-1.09%"
"03/07/2018","311.95","312.00","314.90","308.00","8.42M","-0.06%"
"03/06/2018","312.15","317.00","320.50","309.85","8.30M","-0.26%"
"03/05/2018","312.95","318.50","319.00","311.15","7.97M","-2.52%"
"03/01/2018","321.05","322.10","326.00","318.35","7.33M","-0.39%"
"02/28/2018","322.30","323.00","325.20","318.05","10.99M","-1.48%"
"02/27/2018","327.15","325.30","334.25","325.00","15.10M","0.31%"
"02/26/2018","326.15","326.50","328.20","319.35","9.23M","0.83%"
"02/23/2018","323.45","316.45","326.00","316.45","11.40M","2.33%"
"02/22/2018","316.10","311.90","316.90","308.15","14.79M","1.20%"
"02/21/2018","312.35","311.00","313.90","304.50","13.34M","1.18%"
"02/20/2018","308.70","314.35","316.10","307.50","11.39M","-1.07%"
"02/19/2018","312.05","313.85","315.00","307.55","9.31M","0.08%"
"02/16/2018","311.80","324.00","325.00","309.65","18.61M","-2.50%"
"02/15/2018","319.80","321.20","328.80","317.70","15.48M","-0.17%"
"02/14/2018","320.35","336.00","337.85","318.95","13.55M","-4.49%"
"02/12/2018","335.40","326.60","337.20","326.60","12.05M","3.03%"
"02/09/2018","325.55","330.00","331.45","324.00","9.40M","-2.82%"
"02/08/2018","335.00","332.90","340.35","331.50","7.79M","0.63%"
"02/07/2018","332.90","344.00","344.00","330.60","11.68M","-1.73%"
"02/06/2018","338.75","325.00","342.90","324.00","12.56M","-1.41%"
"02/05/2018","343.60","340.00","349.00","333.60","13.41M","-1.56%"
"02/02/2018","349.05","354.20","356.00","341.80","16.30M","-3.01%"
"02/01/2018","359.90","355.00","367.25","352.65","15.22M","1.55%"
"01/31/2018","354.40","353.00","356.55","350.45","8.53M","0.30%"
"01/30/2018","353.35","358.00","360.80","351.85","7.89M","-1.30%"
"01/29/2018","358.00","361.20","363.70","355.55","7.93M","-1.00%"
"01/25/2018","361.60","364.50","364.50","355.65","8.96M","-0.88%"
"01/24/2018","364.80","357.00","366.30","356.00","11.26M","1.46%"
"01/23/2018","359.55","359.85","360.40","352.30","10.20M","1.18%"
"01/22/2018","355.35","349.95","358.25","348.75","13.46M","1.72%"
"01/19/2018","349.35","347.50","352.25","339.10","21.43M","2.39%"
"01/18/2018","341.20","350.00","356.90","332.35","35.47M","-0.35%"
"01/17/2018","342.40","335.10","343.50","331.40","7.99M","2.25%"
"01/16/2018","334.85","336.00","338.75","328.00","7.30M","-0.34%"
"01/15/2018","336.00","341.90","343.70","335.10","7.14M","-1.44%"
"01/12/2018","340.90","344.10","344.70","337.55","5.69M","-0.66%"
"01/11/2018","343.15","339.00","344.25","335.30","8.27M","0.99%"
"01/10/2018","339.80","341.50","342.35","335.45","10.39M","-0.45%"
"01/09/2018","341.35","334.90","342.80","327.55","13.28M","2.32%"
"01/08/2018","333.60","336.00","341.30","331.30","12.75M","0.23%"
"01/05/2018","332.85","317.50","337.90","317.45","30.72M","4.97%"
"01/04/2018","317.10","316.00","318.40","313.00","5.67M","0.40%"
"01/03/2018","315.85","312.00","316.50","311.15","5.67M","1.35%"
"01/02/2018","311.65","313.40","314.00","307.15","5.22M","-0.30%"
"01/01/2018","312.60","315.50","317.75","311.30","4.02M","-0.81%"