Date,Price,E,D,sigma_E,V,sigma_V,DD,d2,PD_phys,PD_rn
2018-04-02,306.25,70743.75,238533.0,0.30306703521358075,295385.31062490196,0.07258858363775637,4.2863272628957665,3.735276422730395,9.082566393081886e-06,9.375455338854637e-05
2018-04-03,313.1,72326.1,238533.0,0.3064776338044199,296967.5952373652,0.07464819709608558,4.237599781498255,3.7017529485397453,1.1296101209071136e-05,0.00010705752545209133
2018-04-04,305.45,70558.95,238533.0,0.30935156056471014,295200.3631848777,0.07394843646534262,4.197688101323633,3.6567706470547146,1.3482683031559271e-05,0.0001277063585602029
2018-04-05,313.05,72314.55,238533.0,0.3134958938380994,296955.85454546387,0.07635082142892657,4.140899789166737,3.6170023477065274,1.7297304169339656e-05,0.00014901730082204115
2018-04-06,314.5,72649.5,238533.0,0.2968455602253683,297291.17539623874,0.07254411063356535,4.377654571421007,3.826265910774963,5.998163964470832e-06,6.505087553590389e-05
2018-04-09,316.25,73053.75,238533.0,0.2970740954422741,297695.42351874046,0.0729048055284199,4.374275082762613,3.8256144051834498,6.091833311007115e-06,6.522316808861633e-05
2018-04-10,319.25,73746.75,238533.0,0.29370934333419935,298388.4708123136,0.07259317571215874,4.425397809462279,3.8743818274834054,4.8132359738483635e-06,5.344784948844779e-05
2018-04-11,312.0,72072.0,238533.0,0.2970367717173055,296713.6705246894,0.07215406030077272,4.374761869493594,3.8203925126859404,6.0782554977973466e-06,6.661973130792857e-05
2018-04-12,311.75,72014.25,238533.0,0.2961174291334644,296655.93357902963,0.07188692649444114,4.388579108939242,3.8321497002748846,5.704681651553347e-06,6.351420010478043e-05
2018-04-13,309.55,71506.05,238533.0,0.29615538195699026,296147.73128282704,0.07151133404090575,4.3880291874614255,3.828677295394648,5.719121416100026e-06,6.441690212868957e-05
2018-04-16,310.35,71690.85,238533.0,0.2950504234867353,296332.54715647403,0.07138388614022441,4.404730754954479,3.8443802029906204,5.295767214497301e-06,6.042875333295186e-05
2018-04-17,307.9,71124.9,238533.0,0.2953312721186463,295766.5914792575,0.07102351593739789,4.400525113286715,3.8373313672145386,5.399461404599143e-06,6.218929424829179e-05
2018-04-18,309.55,71506.05,238533.0,0.29154098953261304,296147.78966014565,0.07039634878312004,4.458656393987398,3.890445106165729,4.12375046890971e-06,5.003025574929854e-05
2018-04-19,318.5,73573.5,238533.0,0.2979936520579552,298215.1617260092,0.07352253424178905,4.360633123417065,3.8165822359917962,6.484332626603195e-06,6.765649482376912e-05
2018-04-20,308.55,71275.05,238533.0,0.2999370631917599,295916.6711986334,0.07224766969903007,4.331771133222889,3.778120058155246,7.395732633898453e-06,7.900835057065608e-05
2018-04-23,313.05,72314.55,238533.0,0.2992883803238688,296956.1863491969,0.07288652651729387,4.341278613749994,3.792480339071489,7.082798101057003e-06,7.457503121019092e-05
2018-04-24,324.0,74844.0,238533.0,0.30725297049109584,299485.49141779164,0.07679110732911644,4.227180494913691,3.706286847312474,1.1831892099399917e-05,0.00010516004265566673
2018-04-25,325.25,75132.75,238533.0,0.3056212312652234,299774.2796278912,0.07660361502854127,4.250296381498298,3.728127813016294,1.0674391757770365e-05,9.645377060642407e-05
2018-04-26,352.4,81404.4,238533.0,0.34844902990132937,306043.6155944454,0.09271722374401269,3.7201471869328415,3.2887278844045658,9.955335396773122e-05,0.0005032063720966941
2018-04-27,348.9,80595.9,238533.0,0.34844620494267664,305235.09566422884,0.09203932381683233,3.719486267914725,3.284889420162952,9.981419993118443e-05,0.0005101120195970181
2018-04-30,362.0,83622.0,238533.0,0.3556585155641444,308260.41466392943,0.09652213278548345,3.6445423567248416,3.2301296324546644,0.00013393400976551502,0.0006186705099157581
2018-05-02,354.25,81831.75,286688.0,0.3584653408318301,351819.07934888714,0.08343213205479169,3.6106243503458173,3.1311927570871054,0.0001527304036919671,0.0008704892450384967
2018-05-03,353.95,81762.45,286688.0,0.3570262480097147,351750.0422220081,0.08304081322646407,3.625667904548595,3.1439770534376565,0.00014410777783984113,0.0008333425417838003
2018-05-04,345.1,79718.1,286688.0,0.3552669814656925,349705.9497156315,0.08103542510457806,3.645501591902565,3.1518903108069316,0.0001334353814810417,0.0008110859937439921
2018-05-07,347.9,80364.9,286688.0,0.3541665931088849,350352.9520872956,0.08128726869816934,3.6566950668793563,3.164613088476005,0.00012774400216848902,0.0007764465065767068
2018-05-08,343.3,79302.3,286688.0,0.35401392962535294,349290.35182332864,0.08042243372234673,3.6591174378931033,3.1617437804619257,0.0001265426742840833,0.000784137437415548
2018-05-09,347.85,80353.35,286688.0,0.35305164525496513,350341.58449084434,0.08102071020689416,3.668592133061736,3.1748912027951888,0.00012194490223458606,0.0007494634523628086
2018-05-10,344.65,79614.15,286688.0,0.353442137389891,349602.303530795,0.08053525051988268,3.664963493599387,3.1682865758300096,0.00012368693307386716,0.0007667014416562194
2018-05-11,350.25,80907.75,286688.0,0.34958607462082375,350896.5272383956,0.0806459497731091,3.7056415806511818,3.2096464300882976,0.00010542815209389602,0.0006644916787785854
2018-05-14,344.8,79648.8,286688.0,0.3461101908073337,349638.02933433576,0.07888108717418231,3.744785963730903,3.2376935613192384,9.027381437945289e-05,0.0006025008291537535
2018-05-15,345.75,79868.25,286688.0,0.3323584780533999,349858.9309092096,0.07589420995902244,3.9035327844135357,3.3764833557206595,4.739935108045675e-05,0.0003670940700319973
2018-05-16,349.75,80792.25,286688.0,0.33295435673661433,350782.8942064384,0.07670740802853855,3.8957250037726943,3.3742629829843205,4.895271186387432e-05,0.00037006811195836747
2018-05-17,345.3,79764.3,286688.0,0.3296161671349426,349755.1953603774,0.0751902907307358,3.9368402320348412,3.4048566526223856,4.128076730682411e-05,0.0003309939671734884
2018-05-18,345.5,79810.5,286688.0,0.32961907468224033,349801.3957277025,0.07522455397186432,3.9367686990272066,3.4050274272217145,4.129306929681746e-05,0.00033078704429307455
2018-05-21,334.15,77188.65,286688.0,0.33646404831437293,347178.9254749311,0.07483183922306032,3.8572600503742724,3.322728219868715,5.73325755521939e-05,0.000445708595156655
2018-05-22,334.7,77315.7,286688.0,0.33576215424169226,347306.0441867077,0.07477057088267478,3.865378102585778,3.3304082671572717,5.5458617713213306e-05,0.00043359365942553216
2018-05-23,333.7,77084.7,286688.0,0.3351076582743184,347075.10173765663,0.07445088865886522,3.873361479198506,3.3360945543766887,5.36722148640097e-05,0.000424821303465772
2018-05-24,330.0,76230.0,286688.0,0.33279394828176895,346220.59504938184,0.07329591536742291,3.901929137477722,3.3561961344926963,4.7714548585763836e-05,0.0003951125270784751
2018-05-25,339.4,78401.4,286688.0,0.3372562264065143,348391.6167908276,0.07592148776965608,3.8467453507121605,3.31988528546477,5.984863089294107e-05,0.0004502722217398524
2018-05-28,345.2,79741.2,286688.0,0.3388740791361637,349731.2750642327,0.07729303445214851,3.8267801639353203,3.309269106392824,6.491518276504246e-05,0.00046769941490930436
2018-05-29,338.05,78089.55,286688.0,0.34028982668938534,348079.4471108928,0.07637127487003802,3.811903733204753,3.2881465998052053,6.895029333095568e-05,0.0005042465506021052
2018-05-30,343.15,79267.65,286688.0,0.3413750276324965,349257.44715798326,0.07750887397429955,3.798416580104105,3.282346639347861,7.281171184753334e-05,0.00051473483534974
2018-05-31,346.2,79972.2,286688.0,0.33715286863115695,349962.4515995065,0.07707052413514058,3.84662517415767,3.3276200103954334,5.98779806699585e-05,0.0004379562629932185
2018-06-01,342.7,79163.7,286688.0,0.33792046625396044,349153.8627878481,0.07664323691494687,3.838317576079361,3.3164189505765123,6.194009889825454e-05,0.0004558951514325934
2018-06-04,342.95,79221.45,286688.0,0.3378940816069178,349211.61636009306,0.07668042283378963,3.83857597718289,3.3169304447018955,6.187496188171907e-05,0.0004550613565482622
2018-06-05,336.75,77789.25,286688.0,0.3393752186329486,347779.24048234505,0.07593782877352097,3.822733983876415,3.2959872932474656,6.599007020179721e-05,0.0004903822555433217
2018-06-06,339.15,78343.65,286688.0,0.33728635473226837,348333.8629233401,0.07588497725317656,3.846447944609333,3.319334391335841,5.9921288817754134e-05,0.00045116153965378845
2018-06-07,339.55,78436.05,286688.0,0.3336032218936188,348426.6055227436,0.07512154720727225,3.8898488910206925,3.3573784948821026,5.0153331091160265e-05,0.0003934265933087116
2018-06-08,337.65,77997.15,286688.0,0.3338161421098194,347987.68077387003,0.07484351746226171,3.887735323921373,3.3532868993110623,5.059193630104813e-05,0.00039928941002512295
2018-06-11,335.7,77546.7,286688.0,0.33201849669633837,347537.3775941384,0.07410517357212144,3.9097393864180323,3.3699660066138435,4.619787550216808e-05,0.00037588728549312143
2018-06-12,332.2,76738.2,286688.0,0.3294010377004856,346729.07401384396,0.07292235602224705,3.942417287675483,3.39388865829608,4.033223634231881e-05,0.00034453851177420355
2018-06-13,333.2,76969.2,286688.0,0.32939120195968397,346960.07756015984,0.0730908976551921,3.9422701901035935,3.395006422887313,4.0356987587597724e-05,0.0003431349529467103
2018-06-14,337.2,77893.2,286688.0,0.32515144986378014,347884.3835048504,0.07281904554725485,3.9937954139267684,3.4444885711991664,3.2511987429803546e-05,0.00028607041154588117
2018-06-15,330.65,76380.15,286688.0,0.32750371742099027,346371.1583148361,0.07223738543992057,3.9661911061490773,3.412461209137954,3.651515734849099e-05,0.0003218954442146262
2018-06-18,331.65,76611.15,286688.0,0.32719516710354474,346602.1825787811,0.07233905213377743,3.9697325338871834,3.416780859513188,3.5976677976718104e-05,0.00031683132059177026
2018-06-19,330.9,76437.9,286688.0,0.32663990179635805,346428.96896479954,0.0720886846777296,3.9768362743755756,3.4219641723415477,3.4919106908476994e-05,0.00031085252639886197
2018-06-20,336.1,77639.1,286688.0,0.3161893038971434,347630.76796579454,0.0706276838210814,4.1096102538180705,3.5432600942782138,1.981637282528064e-05,0.000197606355846779
2018-06-21,332.95,76911.45,286688.0,0.2963866841981294,346903.7184820981,0.06571532946798829,4.390048817390677,3.781362833103174,5.6662608437050395e-06,7.79860768360781e-05
2018-06-22,335.1,77408.1,286688.0,0.29654628321550525,347400.3672363481,0.06608067923340251,4.387062448053843,3.7817417936048083,5.744590549872906e-06,7.786742661355094e-05
2018-06-25,334.15,77188.65,286688.0,0.29662913047179534,347180.91489017115,0.06595345055730184,4.386071766697931,3.779583407681034,5.770802749649003e-06,7.854548299301433e-05
2018-06-26,335.95,77604.45,286688.0,0.29666829223230756,347596.71563175163,0.0662381233936754,4.3850077395676355,3.781125897048236,5.799082734651401e-06,7.806034650151754e-05
2018-06-27,335.6,77523.6,286688.0,0.29358770195903766,347515.9194382181,0.06549666105257237,4.43184504223602,3.821126887185442,4.671507736075078e-06,6.642163886111658e-05
2018-06-28,329.3,76068.3,286688.0,0.291641201409264,346060.6454319313,0.06410928489885395,4.4636985008449255,3.8397639169058198,4.027844908578264e-06,6.157633934022437e-05
2018-06-29,339.65,78459.15,286688.0,0.2940987746634475,348451.4639968739,0.06622419977395433,4.423029822891684,3.8190210143815984,4.8663150319532436e-06,6.699117489662454e-05
2018-07-02,337.05,77858.55,286688.0,0.29459665566710724,347850.8537164381,0.06594231127185776,4.416058375767608,3.8094675658838963,5.025847482836525e-06,6.963318677981827e-05
2018-07-03,336.9,77823.9,286688.0,0.2944708125842672,347816.2057416138,0.06589135091674456,4.418012991208407,3.810953044136733,4.980621745929984e-06,6.921603140261108e-05
2018-07-04,335.55,77512.05,286688.0,0.29412492808515267,347504.36055814393,0.06560901555540939,4.423636339635706,3.813964030710137,4.852666778080044e-06,6.837769045364181e-05
2018-07-05,348.65,80538.15,286688.0,0.2996975415647526,350530.365918444,0.06886325464218969,4.337316758263042,3.756455452653277,7.211634574744913e-06,8.616846565450213e-05
2018-07-06,352.6,81450.6,286688.0,0.3002611734867778,351442.8075605741,0.0695932956436799,4.328446523027044,3.753678513694631,7.508239179211026e-06,8.712916493553504e-05
2018-07-09,363.3,83922.3,286688.0,0.30498215939195605,353914.40522164706,0.0723248999843484,4.259184994525104,3.7061251215262296,1.0258680807681314e-05,0.0001052271798084652
2018-07-10,371.4,85793.4,286688.0,0.30755757054797195,355785.44334775826,0.07417019402385615,4.222487763494502,3.683187569846169,1.208102601872734e-05,0.00011516777275064086
2018-07-11,371.6,85839.6,286688.0,0.30676228451434656,355831.66662755865,0.07400838185151443,4.233637162806392,3.693157841420156,1.1497091435066431e-05,0.0001107432261346316
2018-07-12,374.8,86578.8,286688.0,0.30693306836346945,356570.8659422909,0.07453237719687412,4.231194017508226,3.6945145031229325,1.1622702661581574e-05,0.00011015365981653195
2018-07-13,376.0,86856.0,286688.0,0.3023659074692808,356848.18441114173,0.07359992797843505,4.296301031185565,3.7528222384927226,8.683585260759421e-06,8.74274246925895e-05
2018-07-16,378.5,87433.5,286688.0,0.29376669041268366,357425.8473018089,0.07186413169907326,4.424337563675486,3.8677316595299027,4.83693293050417e-06,5.492622590629266e-05
2018-07-17,380.8,87964.8,286688.0,0.29291660014123366,357957.16123728314,0.07198442741729706,4.437458684364251,3.8817829439972664,4.551359330805741e-06,5.1846705826784536e-05
2018-07-18,383.65,88623.15,286688.0,0.2858117052924231,358615.5961847784,0.0706332112188896,4.549729580058786,3.983423740217503,2.6857450340348157e-06,3.3964738136090535e-05
2018-07-19,392.3,90621.3,286688.0,0.2885832377907899,360613.72219748114,0.07252227376385921,4.5059688612406585,3.954414174328268,3.3035388317408393e-06,3.836120285860556e-05
2018-07-20,386.5,89281.5,286688.0,0.24221403648041956,359274.0868172868,0.06019151556372345,5.380817238081913,4.716271751473374,3.7074222256878236e-08,1.2010277918756503e-06
2018-07-23,386.6,89304.6,286688.0,0.24103994458962996,359297.18725924,0.05991138731716115,5.407330336099315,4.739677627804538,3.198554645548041e-08,1.0702925560881004e-06
2018-07-24,384.35,88784.85,286688.0,0.23008038953787,358777.4396230183,0.05693685233225231,5.667451197125936,4.964918507637203,7.24686589266694e-09,3.4364961762256945e-07
2018-07-25,382.9,88449.9,286688.0,0.22543856341167215,358442.49004761025,0.055629625285648666,5.785161830978488,5.066120496534713,3.622127749965877e-09,2.030024851098076e-07
2018-07-26,369.75,85412.25,286688.0,0.23734061843495088,355404.83814876655,0.05703864083797875,5.491651003349962,4.790372021025995,1.9909682855817234e-08,8.323618712952059e-07
2018-07-27,370.0,85470.0,286688.0,0.23105018779583208,355462.5894060446,0.05555539872473482,5.642697192074961,4.922695159541787,8.370331349971332e-09,4.2680183730198136e-07
2018-07-30,369.3,85308.3,286688.0,0.23067824159957429,355300.88945302984,0.05538622422967029,5.6518868623243765,4.929685619030885,7.934801891929387e-09,4.118102407760166e-07
2018-07-31,367.95,84996.45,304685.0,0.22896375821165132,371937.9757750935,0.05232354298984029,5.696857646596072,4.932383421145269,6.101786932269413e-09,4.061613128145018e-07
2018-08-01,365.85,84511.35,304685.0,0.22800211122599406,371452.87588790397,0.051874067833666965,5.7215118228412,4.950413629264805,5.279015475537008e-09,3.7027958884717037e-07
2018-08-02,361.8,83575.8,304685.0,0.22839164368279904,370517.3258144586,0.05151721346874988,5.712551582027428,4.936112071682718,5.56473328776417e-09,3.9847661142734146e-07
2018-08-03,373.2,86209.2,304685.0,0.2346166450707063,373150.7247813661,0.05420363143034877,5.557468108657266,4.819510172178422,1.368579871990065e-08,7.195555787217579e-07
2018-08-06,377.9,87294.9,304685.0,0.23313533611028303,374236.42515409784,0.05438149171805357,5.592539144279197,4.8569947754821055,1.1188634101305937e-08,5.959036876716418e-07
2018-08-07,381.65,88161.15,304685.0,0.23375121962395562,375102.67506262223,0.0549390536869192,5.577310897395888,4.8492313744403654,1.2213254329255866e-08,6.19703933686285e-07
2018-08-08,382.75,88415.25,304685.0,0.23286454292059564,375356.7752508926,0.05485124247761646,5.598673339788873,4.869428236246814,1.0799918040497278e-08,5.596081018345589e-07
2018-08-09,381.05,88022.55,304685.0,0.23129632534232542,374964.07551520696,0.05429666750644538,5.637136066178085,4.9004426034485045,8.645074812431351e-09,4.781049539211662e-07
2018-08-10,382.85,88438.35,304685.0,0.23137031483177595,375379.8755165955,0.05451015780024524,5.635176861017269,4.9013686752735826,8.743938424469677e-09,4.758563010299866e-07
2018-08-13,370.7,85631.7,304685.0,0.2306341438591355,372573.22554597055,0.05300864279300979,5.654741702825015,4.900147774506692,7.80404071226185e-09,4.788229908268818e-07
2018-08-14,382.5,88357.5,304685.0,0.23848051062212097,375299.023802949,0.05614604979408624,5.465539617973768,4.753111937901907,2.3075034917156007e-08,1.001546863354438e-06
2018-08-16,378.45,87421.95,304685.0,0.23970805479485927,374363.47329638037,0.05597705313861406,5.437621147740793,4.723042623913371,2.6998317457077136e-08,1.161710649105811e-06
2018-08-17,393.2,90829.2,304685.0,0.2492278079914729,377770.71810750954,0.059923135670133666,5.226922708627331,4.559400898350362,8.617725280511458e-08,2.5649879038235408e-06
2018-08-20,394.0,91014.0,304685.0,0.24364816192829974,377955.5218573573,0.05867203428681487,5.347979930001984,4.666224124425816,4.447066256818661e-08,1.5339253312002415e-06
2018-08-21,391.35,90401.85,304685.0,0.24247854575664968,377343.3723723012,0.05809173749202707,5.3740825706612645,4.685516490063487,3.8486790466796984e-08,1.396274062887956e-06
2018-08-23,388.6,89766.6,304685.0,0.2384858750419315,376708.12389394693,0.056829360211982025,5.465087678924195,4.761226156450705,2.3133902640939173e-08,9.621013389140867e-07
2018-08-24,374.2,86440.2,304685.0,0.25071124737704326,373381.7159120932,0.05804136451114537,5.196955825046073,4.507792151226533,1.0128923898630784e-07,3.275284937289317e-06
2018-08-27,383.0,88473.0,304685.0,0.25423837996889115,375414.5122663057,0.0599159129849474,5.123135940181263,4.455533662134543,1.5024776969672313e-07,4.184238157990924e-06
2018-08-28,370.6,85608.6,304685.0,0.2628934535315196,372550.0946319327,0.06041091527429372,4.953878190386789,4.291746192909488,3.637437859676216e-07,8.86367544235949e-06
2018-08-29,365.15,84349.65,304685.0,0.26496071186063247,371291.13802234636,0.06019406960163908,4.915706420684234,4.2511891307798,4.4231441482384375e-07,1.0631925233351476e-05
2018-08-30,361.75,83564.25,304685.0,0.2628142829479791,370505.74378620787,0.059275825523738744,4.957057570105425,4.282246217474312,3.578438758817038e-07,9.25080459078389e-06
2018-08-31,343.5,79348.5,304685.0,0.2839984737148296,366289.863058534,0.06152386855550434,4.587714539406917,3.937560364464007,2.2406240784951667e-06,4.115711432739381e-05
2018-09-03,339.05,78320.55,304685.0,0.2852837759501585,365261.89675177675,0.06117354818482481,4.568397165032373,3.914519775426865,2.457340470151524e-06,4.5292156919967146e-05
2018-09-04,334.05,77165.55,304685.0,0.2866829065831586,364106.87742109457,0.06075937888382243,4.5478268838896,3.889492306828111,2.710134594963106e-06,5.022707648323035e-05
2018-09-05,343.8,79417.8,304685.0,0.29248365660179154,366359.0485513343,0.06340663985955715,4.452612582929056,3.821763824997739,4.241586743034467e-06,6.625027884584345e-05
2018-09-06,339.2,78355.2,304685.0,0.2930222196286273,365296.4362394227,0.06285594208526044,4.445964502566124,3.809588709395411,4.374919844016303e-06,6.959907849447627e-05
2018-09-07,323.4,74705.4,304685.0,0.3090454937718082,361646.1980020515,0.06384783050145255,4.218618697663352,3.5921291257257435,1.2290177925826573e-05,0.00016399362549858012
2018-09-10,323.65,74763.15,304685.0,0.3079726146100042,361703.9875222407,0.06366479015555263,4.233440553981743,3.6051497844328653,1.1507151838164765e-05,0.0001559864712409331
2018-09-11,316.6,73134.6,304685.0,0.3086436003632004,360075.4042422397,0.06269647168807986,4.227823014556279,3.5898285800527976,1.179816408157956e-05,0.00016544774585513505
2018-09-12,314.3,72603.3,304685.0,0.30883276243491276,359544.09429661225,0.06237133766255489,4.226513108719975,3.585192888582796,1.1867022574674457e-05,0.00016841458199519694
2018-09-14,323.1,74636.1,304685.0,0.31428920703077406,361576.67824034044,0.06488559428057951,4.147154806887161,3.5306851506637593,1.683162298623713e-05,0.0002072424046293205
2018-09-17,318.6,73596.6,304685.0,0.3137139345859106,360537.19782167365,0.06404886767774097,4.157224948257686,3.532701807563643,1.6106838028178188e-05,0.0002056680736373666
2018-09-18,323.55,74740.05,304685.0,0.3149572934255311,361680.59745787294,0.06509566125466684,4.137976496469444,3.523496218843687,1.7519112651778218e-05,0.00021294658684396027
2018-09-19,319.2,73735.2,304685.0,0.31574335225616634,360675.70218109136,0.06456071609359998,4.129705179145243,3.510133364885809,1.816143587267785e-05,0.00022394099670213389
2018-09-21,226.5,52321.5,304685.0,0.7692715569961573,336999.47358398355,0.13282137319400672,1.4454161182818124,1.1442597679286683,0.07417051933899468,0.12625796143844942
2018-09-24,226.4,52298.4,304685.0,0.7689811532142101,336981.56886883423,0.13270366028495503,1.4464156444808094,1.144992157637207,0.07403032823646595,0.12610620301495912
2018-09-25,219.7,50750.7,304685.0,0.7703846910448247,335447.9485325366,0.12985766862493273,1.44586636529964,1.1378368093745925,0.07410734371460731,0.1275943157362165
2018-09-26,223.75,51686.25,304685.0,0.7717059114697218,336339.89987405995,0.1321074745014626,1.4391131741750613,1.1363293979281153,0.07505923000421189,0.1279093658404173
2018-09-27,203.25,46950.75,304685.0,0.7891390363313463,331444.4606047548,0.12615692333429757,1.3968636091884938,1.079798172406988,0.08122729482228974,0.1401160326061604
2018-09-28,183.65,42423.15,304685.0,0.8117462207104352,326683.13693278626,0.12098129229947738,1.3423067752656108,1.0116771445208512,0.08974827376212108,0.15584622348166566
2018-10-01,200.85,46396.35,304685.0,0.8368789503643954,330017.2805329569,0.13632357110652257,1.2512473294709678,0.9578277859883211,0.10542212765346237,0.16907480274225417
2018-10-03,212.75,49145.25,304685.0,0.8477692665290988,332416.8221563545,0.1456422577501609,1.2119104918291586,0.9372649279803942,0.1127733227551248,0.17431114942194242
2018-10-04,215.0,49665.0,304685.0,0.8432460875872659,333016.5310721724,0.1456811299662838,1.2239209004247478,0.9493486204784187,0.1104910341651667,0.17122166637712122
2018-10-05,206.0,47586.0,304685.0,0.8452252382113762,330979.33459208166,0.14126637398782713,1.2232167150140905,0.9400636979808451,0.11062392697369433,0.17359244412411529
2018-10-08,221.2,51097.2,304685.0,0.8574813537576343,334061.35983706993,0.1528809396107629,1.1797411879564734,0.9180996772368206,0.11905158348488043,0.17928334191361855
2018-10-09,224.65,51894.15,304685.0,0.8565938443618529,334846.4430411914,0.154520685397166,1.1807821726179748,0.9219171546613976,0.11884463394358724,0.17828589517323795
2018-10-10,233.9,54030.9,304685.0,0.8622311381508659,336756.81959189323,0.1611205580887065,1.1612589687876635,0.9129976638710209,0.12276830014744644,0.18062188509796134
2018-10-11,240.2,55486.2,304685.0,0.8644704706112402,338096.43044657825,0.16515611282997336,1.1529359820663767,0.9107408897104575,0.1244683308860195,0.18121595699575416
2018-10-12,246.45,56929.95,304685.0,0.8668751207653828,339420.3682671844,0.16920168991395404,1.1444702573921235,0.9080659991347643,0.12621433290281542,0.18192167649949947
2018-10-15,246.0,56826.0,304685.0,0.8664788523792131,339330.933999481,0.16884411760660484,1.145691163989199,0.9087862568653556,0.12596148059789686,0.18173148117741045
2018-10-16,248.9,57495.9,304685.0,0.8669259007095435,339962.9285578713,0.1705160229527338,1.1437063893651662,0.9091243289385763,0.1263727113593051,0.18164225087358704
2018-10-17,231.9,53568.9,304685.0,0.8760879139081847,335955.53921447106,0.1640335234505678,1.1232269424402608,0.87937434963746,0.13067056134948735,0.18959916756805262
2018-10-19,217.9,50334.9,304685.0,0.8805669851436482,332753.9875352701,0.15744355802014245,1.116150765258282,0.8620914661481677,0.1321788026150586,0.19431859354272318
2018-10-22,211.5,48856.5,304685.0,0.8814657778359983,331325.8096145129,0.1540109576451672,1.116570336237289,0.856848556621076,0.13208904043405695,0.19576429322674666
2018-10-23,213.2,49249.2,304685.0,0.8819955146582611,331684.84177189885,0.15514140467373919,1.1142890120950812,0.8564597105999734,0.13257760965294052,0.19587177451239463
2018-10-24,204.0,47124.0,304685.0,0.8847224734405966,329599.53561039903,0.15051397046895063,1.1113433848078274,0.8455873232583676,0.13321028580390148,0.19889149990923027
2018-10-25,198.35,45818.85,304685.0,0.8853293646235629,328350.0294835259,0.1473198538533008,1.112885822526283,0.8413677687558015,0.13287873487736396,0.2000709680654283
2018-10-26,180.7,41741.7,304685.0,0.899995651254059,324144.0514572832,0.14028043240339425,1.084044736357569,0.798901617572656,0.139172481970821,0.21217373046988308
2018-10-29,181.3,41880.3,304685.0,0.9001698031190064,324269.0874811139,0.14070461477891946,1.0830940969499543,0.7988105994765448,0.13938332943465725,0.21220012176619713
2018-10-30,182.05,42053.55,344316.0,0.900539930507077,361526.9692511054,0.12774658853884188,1.1007511695991095,0.7876312619951749,0.13550248461904946,0.21545621154175792
2018-10-31,188.1,43451.1,344316.0,0.9050120814501619,362699.3125842359,0.13233622916147103,1.0825294991496972,0.7802691109441838,0.13950865744633367,0.21761624519403577
2018-11-01,204.05,47135.55,344316.0,0.9246530923237607,365521.1369146657,0.14660559673654794,1.016452782895134,0.7436119030760606,0.15470691068084252,0.2285556500001562
2018-11-02,209.1,48302.1,344316.0,0.9272940855609875,366515.14444735955,0.15025043642841684,1.006269324062398,0.7400471356226526,0.15714301627472216,0.2296356969713993
2018-11-05,210.1,48533.1,344316.0,0.9239927406987314,366836.9516990822,0.149933795154444,1.0145648887866117,0.7477804726461628,0.1551566416834962,0.22729629121434258
2018-11-06,214.45,49537.95,344316.0,0.9249515525368326,367738.0045627664,0.15269285674223756,1.0095648818602354,0.7476010883114357,0.15635190095295098,0.227350404045906
2018-11-07,215.95,49884.45,344316.0,0.9247116255463185,368067.7329695123,0.15348390268884501,1.009411937948718,0.7487982885740911,0.15638855776595445,0.2269893957100848
2018-11-09,227.9,52644.9,344316.0,0.9334853296250075,370333.4836658202,0.16276433807355314,0.980546190639432,0.734792111622909,0.1634082903728165,0.2312330560066913
2018-11-12,223.05,51524.55,344316.0,0.9338129363969776,369281.4050025155,0.1601002188580025,0.9817793460669776,0.7319358400098299,0.163104282734524,0.23210386475076128
2018-11-13,225.45,52078.95,344316.0,0.9342671523780447,369780.14198634913,0.16159995797555765,0.979526892122763,0.7320020752781317,0.16365985391106197,0.23208365055204738
2018-11-14,222.4,51374.4,344316.0,0.933051446108672,369168.5620142649,0.15951076828307045,0.9840819280565102,0.7333151589502683,0.16253761591161725,0.23168311573082795
2018-11-15,205.85,47551.35,344316.0,0.9397804886313205,365404.28003429365,0.1517456644798269,0.9748624051800967,0.7112634408398825,0.16481425836114255,0.2384605010200075
2018-11-16,191.0,44121.0,344316.0,0.9490463123729491,361949.7991145296,0.1452162784022856,0.9599598828851805,0.6845086701141856,0.16853770290615933,0.24682700821233539
2018-11-19,204.8,47308.8,344316.0,0.9582428207010089,364529.60676522023,0.1562407558112204,0.9270458648105956,0.6710307182355851,0.17695136076752987,0.25110048038405297
2018-11-20,192.1,44375.1,344316.0,0.9639873878616944,361657.7903648336,0.14991050102594405,0.9198956295057771,0.6530697585611028,0.17881365150403145,0.2568556536756319
2018-11-21,198.15,45772.65,344316.0,0.9679586345575428,362776.0236648383,0.15483233258814563,0.9057492115403949,0.6474052382153913,0.18253430429864553,0.2586848533121351
2018-11-22,195.55,45172.05,344316.0,0.9679242887944772,362234.3124880294,0.15317886967748015,0.9074329336105728,0.6463003107872,0.18208895010825482,0.25904244332590876
2018-11-26,187.9,43404.9,344316.0,0.9681834459964835,360631.3443565975,0.148364458621468,0.9118786559670367,0.6422723070364302,0.18091629927221636,0.2603481958919145
2018-11-27,182.65,42192.15,344316.0,0.9660501344311015,359616.96900063206,0.14440643027446565,0.921378922378982,0.644382947033742,0.1784263146394492,0.25966356993769507
2018-11-28,162.1,37445.1,344316.0,0.9898636928917341,354557.1757391297,0.13669760313791995,0.877606176543987,0.5849894877228792,0.1900787381141737,0.2792773926134374
2018-11-29,160.45,37063.95,344316.0,0.9898878348837734,354223.002563994,0.13554495051344953,0.8792699980487492,0.5841649436112474,0.18962744951212035,0.27955467233706704
2018-11-30,169.8,39223.8,344316.0,1.0003110893371217,355724.07425675826,0.14480132403149581,0.8433058657875384,0.56706529777105,0.19952870154068542,0.2853349093577702
2018-12-03,178.0,41118.0,344316.0,1.0043071991138315,357224.2801949846,0.15160987792247685,0.8265371898731804,0.5627021380406518,0.20424971530043412,0.2868188640642002
2018-12-04,176.5,40771.5,344316.0,1.0043104592062846,356920.7709885938,0.15056715918557476,0.8276622388410626,0.562000057151762,0.2039309049790623,0.2870579900853222
2018-12-05,173.4,40055.4,344316.0,1.0043760107566952,356292.173840693,0.14841804764944833,0.8299348390451899,0.5604258363767488,0.2032878129685618,0.2875945064654487
2018-12-06,168.45,38911.95,344316.0,1.0015947526151503,355402.6655559835,0.14419165237859266,0.8412134626082348,0.5638048932482336,0.20011417993070463,0.2864434606450644
2018-12-07,166.2,38392.2,344316.0,1.0015945980978178,354949.86630273465,0.14260113736681193,0.8432553728956105,0.5627527013277935,0.1995428178799244,0.2868016460503148
2018-12-10,165.65,38265.15,344316.0,0.9989436411248352,354939.5322520774,0.14152009843382093,0.8505762440764212,0.5679308782049071,0.19750239521161184,0.285040952001713
2018-12-11,177.85,41083.35,344316.0,1.0128172422310227,356848.1181807223,0.15387448695591693,0.8052779586976166,0.5453258328363653,0.21032964902816936,0.2927647200731335
2018-12-12,186.6,43104.6,344316.0,1.0194119817014469,358331.1533494176,0.16190624841600587,0.7831131437851457,0.5360565885790549,0.21678033668786267,0.2959597207234695
2018-12-13,174.7,40355.7,344316.0,1.0260922714056542,355659.82873088965,0.15536834364338922,0.7745801523761257,0.5171274495796641,0.219293894527397,0.302533596511632
2018-12-14,180.35,41660.85,344316.0,1.0267846690397686,356756.0234839857,0.15963522381727938,0.7689443150449005,0.5183730498598148,0.2209631841998292,0.3020990071433193
2018-12-17,181.0,41811.0,344316.0,1.0271040167322907,356871.86492101476,0.16019340579287866,0.7677344205145437,0.5180362522159194,0.22132249121539072,0.30221648803776985
2018-12-18,179.0,41349.0,344316.0,1.0258016497701066,356529.2741764501,0.15838339598293208,0.772264420767596,0.5197126949268991,0.2199789167685181,0.30163191869198414
2018-12-19,179.55,41476.05,344316.0,1.0261122779194503,356625.5908643073,0.1588673361361757,0.7711290043833752,0.5193465991838988,0.22031523514418516,0.30175953151091717
2018-12-20,186.75,43139.25,344316.0,0.7600719589046048,365414.50230510946,0.10057532878117334,1.5353148245251635,1.137602975260122,0.062353257216983114,0.12764315185324787
2018-12-21,182.95,42261.45,344316.0,0.7608759338274447,364551.40953370667,0.09898121639137047,1.5377574385584853,1.1336403600024842,0.06205396684876362,0.1284727180213937
2018-12-24,182.3,42111.3,344316.0,0.7588711010777929,364434.1119622778,0.09830944187495858,1.5456659693371129,1.1387874514946794,0.061092629999425344,0.12739590845438992
2018-12-26,179.45,41452.95,344316.0,0.7579804417427691,363807.88769626553,0.0968331254100282,1.5529580313190587,1.139876249329426,0.06021658069933213,0.12716893060986373
2018-12-27,178.1,41141.1,344316.0,0.7331861095493921,363825.2370298448,0.0917951262560799,1.6438848932417547,1.2081319112325308,0.05009999059848303,0.11349826341524849
2018-12-28,181.45,41914.95,344316.0,0.7045256164064373,364902.6974503073,0.08831019985226168,1.7457955016364461,1.2928466908884475,0.04042324645863735,0.09803204406441096
2018-12-31,181.8,41995.8,344316.0,0.6792952491148577,365225.0207155865,0.08425954213031057,1.8443487731370083,1.3696250921307846,0.0325661638813593,0.08540198135673693
2019-01-01,184.25,42561.75,344316.0,0.6687981675966598,365873.4291445801,0.08351956490775014,1.8826708751269685,1.4037411771073343,0.02987249239790544,0.08019796796328543
2019-01-02,184.65,42654.15,344316.0,0.668328047609788,365968.4732562753,0.08359943128089573,1.8838993975596032,1.4054272430589436,0.029789292374716274,0.07994713519997737
2019-01-03,184.1,42527.1,344316.0,0.6630530819890978,365886.73112231103,0.0825327493184453,1.906614541188206,1.421958446119041,0.028285260344001546,0.07751915723777678
2019-01-04,189.65,43809.15,344316.0,0.6488248402386282,367264.03314511717,0.0823512098339694,1.956623646765973,1.470899149449599,0.02519586637399391,0.0706591963659363
2019-01-07,187.15,43231.65,344316.0,0.6480849634406418,366698.72010736476,0.08129668554660673,1.9641165908876346,1.4720916118733505,0.0247582863114436,0.0704980701641473
2019-01-08,192.35,44432.85,344316.0,0.6449183554799491,367909.91039405286,0.08272295822069728,1.9687003307858182,1.485158628937056,0.02449375665316546,0.06875090414556331
2019-01-09,186.45,43069.95,344316.0,0.6443625370532338,366566.1330196939,0.08044395279531874,1.9812986455203359,1.484058037493828,0.023778896100314913,0.06889676214852536
2019-01-10,186.9,43173.9,344316.0,0.6415072904025326,366689.39091169205,0.08016005893913304,1.9927940128249166,1.4937923837171745,0.023142003822186334,0.06761494642188409
2019-01-11,184.25,42561.75,344316.0,0.6417841797694691,366081.97124488244,0.07921989815304115,1.9964622609350506,1.4915386125515862,0.022941814824763474,0.06791007075855883
2019-01-14,195.35,45125.85,344316.0,0.6539772568670829,368525.57624847954,0.08532842441475412,1.9256163036977656,1.4568393366513237,0.027076150721801903,0.07258036731949559
2019-01-15,203.0,46893.0,344316.0,0.6446152308826435,370346.1913556726,0.08657993642856227,1.9534587852137006,1.491457983988762,0.02538262820176306,0.06792064721927371
2019-01-16,208.35,48128.85,344316.0,0.6348034908897605,371643.14829051885,0.08683475440862441,1.9877310485328135,1.5270859960718,0.023420721560255427,0.06336981435791836
2019-01-17,201.5,46546.5,344316.0,0.6355540291579488,370070.1394382365,0.08451725021565244,1.994399133130409,1.521122968821503,0.0230542265921814,0.0641144907485752
2019-01-18,198.6,45876.6,344316.0,0.6358942982763733,369404.2456304046,0.08353065016568463,1.9973870137328884,1.5185208739308005,0.022891578718026093,0.06444157069541517
2019-01-21,191.95,44340.45,344316.0,0.6333241823541587,367900.92014886846,0.08071183709724589,2.0194884463609712,1.5238981904756308,0.021718238480347304,0.06376707278692578
2019-01-22,192.2,44398.2,344316.0,0.6308174130639886,367975.08531749254,0.08040313024183132,2.0300585363106953,1.532565467574558,0.021175294775738682,0.06269147771178
2019-01-23,197.25,45564.75,344316.0,0.6026864989881021,369304.49377168115,0.07773722063173535,2.148779062022121,1.6342250340424984,0.01582595896096199,0.051105803940228574
2019-01-24,215.4,49757.4,349349.0,0.628260363087937,378039.94268039364,0.08710352707826935,2.010652491673476,1.5514288374573053,0.02218108770929761,0.06039947444565356
2019-01-25,219.6,50727.6,349349.0,0.6291598551247776,378995.60627071286,0.08869930519084658,2.0013618570498397,1.5504000381952787,0.02267670403623225,0.06052276470016517
2019-01-28,207.5,47932.5,349349.0,0.6378201529445665,376161.82028323185,0.0859768574189357,1.9802071914393324,1.5149657159909593,0.023840126062955904,0.06489054327192079
2019-01-29,202.9,46869.9,349349.0,0.6175354595536541,375248.1971608031,0.08102993858051925,2.0761871608465516,1.5825424574107703,0.01893832213778094,0.05676289392402071
2019-01-30,199.5,46084.5,349349.0,0.6163294698218488,374476.63757891505,0.07967048785921693,2.0871505454439894,1.5850825768044265,0.018437264129220893,0.056473786828575005
2019-01-31,194.1,44837.1,349349.0,0.6186207010164576,373225.1779922976,0.0781646397557261,2.086053928771333,1.574313580130249,0.018486869154946312,0.0577074858746672
2019-02-01,185.6,42873.6,349349.0,0.6232359894391586,371250.1313346929,0.07588739808075155,2.0810460859790925,1.5539493477639261,0.01871484396997578,0.060098249656534417
2019-02-04,179.8,41533.8,349349.0,0.6257936297280424,369907.01074575796,0.07419807567508627,2.0812878310557474,1.5421902919880197,0.018703784165814717,0.061513679239467926
2019-02-05,176.1,40679.1,349349.0,0.6154105333790512,369122.1911944273,0.07136771601577811,2.13695549202848,1.5764779787624437,0.016300805929472553,0.05745784493131491
2019-02-06,176.45,40759.95,349349.0,0.6144866827076912,369207.5850205686,0.07135936755895489,2.1404554148105883,1.579912330303102,0.016158990138651318,0.057063472534169636
2019-02-07,176.95,40875.45,349349.0,0.6138988134318467,369325.40934224555,0.0714517605800271,2.1420609196538805,1.5822426635984632,0.016094290079698842,0.05679709213426669
2019-02-08,175.1,40448.1,349349.0,0.6137244661148882,368902.76506773883,0.07077326057159489,2.147099752725545,1.5819145446830858,0.015892670497356532,0.05683454005578559
2019-02-11,173.25,40020.75,349349.0,0.5946028697427264,368578.4547093828,0.06746029523599711,2.2429004062634084,1.649959034452515,0.012451618783672647,0.049475657513858684
2019-02-12,172.65,39882.15,349349.0,0.5753684188478025,368526.67961626645,0.06465794230085754,2.3408007883150654,1.7221606247621108,0.00962121569306792,0.04252021272204628
2019-02-13,169.45,39142.95,349349.0,0.5567122634446552,367862.05084143055,0.061182259623225425,2.44784926197892,1.7940649747307975,0.0071855882596641866,0.03640139934476242
2019-02-14,221.25,51108.75,349349.0,0.7729451726241138,377679.280851157,0.11732443182065197,1.4582763007887853,1.117341344793038,0.07238219992598073,0.1319242020062803
2019-02-15,219.0,50589.0,349349.0,0.7710330651256639,377206.6327416857,0.11592376219862852,1.4665030678315236,1.1214487041587646,0.07125564302064606,0.13104845727556924
2019-02-18,213.55,49330.05,349349.0,0.7724117844082415,375960.41043219616,0.11381287926773796,1.466756128458965,1.1153020552700914,0.07122120402988151,0.1323605024920803
2019-02-19,212.85,49168.35,349349.0,0.767664978971177,375881.71066993166,0.11250489576533629,1.4832634184918962,1.1277233352991403,0.06900221876788318,0.12971838970749477
2019-02-20,217.85,50323.35,349349.0,0.7662100492984647,377028.54910408944,0.11438973333144128,1.4835857958892165,1.1339040645392444,0.06895941996680549,0.12841739599976337
2019-02-21,215.15,49699.65,349349.0,0.723462420629581,377044.807894663,0.10450431753743111,1.6346887814349875,1.2519294759577482,0.05105715272528885,0.10529778151230584
2019-02-22,222.0,51282.0,349349.0,0.7248086994973048,378578.28026681795,0.10755133102433082,1.623111494562793,1.25119606014617,0.052282786430539324,0.10543147765229316
2019-02-25,229.1,52922.1,349349.0,0.7190248885207391,380263.9087658434,0.10921261011443438,1.6374518344949902,1.2711937626653038,0.050768047563840686,0.10182986249975906
2019-02-26,229.5,53014.5,349349.0,0.7136522392443937,380424.066728912,0.10827114386402865,1.6565249644289848,1.2870821140769682,0.04880777688433651,0.09903283442744204
2019-02-27,228.2,52714.2,349349.0,0.7134635598154625,380131.3536978393,0.10772271544662879,1.6583628218918693,1.2870390965832734,0.048622127969947145,0.09904033069943247
2019-02-28,231.15,53395.65,349349.0,0.7121863365303381,380817.3207745729,0.10861707884490995,1.660415945486216,1.2921497351868723,0.048415402262768,0.09815264746943314
2019-03-01,237.6,54885.6,349349.0,0.7101570530579011,382308.41705956263,0.11069856540425052,1.6624348107651499,1.3010931813237252,0.0482128120035728,0.09661328073115921
2019-03-05,237.45,54850.95,349349.0,0.709163698278409,382286.92894635635,0.11043421439933392,1.6661699470718703,1.3039633590360404,0.04783978497385775,0.09612303782943138
2019-03-06,235.3,54354.3,349349.0,0.7095849845996163,381792.9698100314,0.10969301484751198,1.6663850183024322,1.3017309876368939,0.04781837642281269,0.09650418132774063
2019-03-07,231.7,53522.7,349349.0,0.6976716792373324,381118.86024316854,0.1058893081316482,1.7134270068819537,1.3356740429068796,0.04331700566714713,0.09082791856645295
2019-03-08,232.3,53661.3,349349.0,0.6917273687464539,381323.5842074247,0.10492810470552467,1.7352066107752369,1.353993206489913,0.04135210799588453,0.08786927255242905
2019-03-11,236.3,54585.3,349349.0,0.6768357518685674,382396.66993582406,0.10345485227065976,1.7885637356451254,1.4019216485697743,0.0368425512739121,0.08046932252596561
2019-03-12,235.85,54481.35,349349.0,0.6746589294387203,382316.4217678715,0.10286230090853034,1.7974208657971733,1.4085514778221782,0.03613441532631958,0.07948391756785445
2019-03-13,244.3,56433.3,349349.0,0.677586572341556,384214.6614497019,0.10650461545672188,1.7788747528421862,1.4033041747177668,0.037630149074839844,0.08026307692410956
2019-03-14,249.85,57715.35,349349.0,0.6776708304514616,385480.8968603844,0.10851594367140294,1.7742310809111737,1.4056216522255238,0.03801246755063002,0.07991825151142068
2019-03-15,245.05,56606.55,349349.0,0.6795848193850725,384364.4421149132,0.10718168666205391,1.7705990352625767,1.3974009522157889,0.03831370125286625,0.08114651648324434
2019-03-18,245.95,56814.45,349349.0,0.6758539084013568,384609.7458241692,0.10674631230412364,1.7842336540551034,1.4095134493323516,0.037192852942655376,0.07934169970915256
2019-03-19,248.8,57472.8,349349.0,0.6739506327485246,385280.6949674201,0.10737689693148446,1.7893590747633017,1.4168394626020058,0.036778502898888774,0.0782649345490949
2019-03-20,252.15,58246.65,349349.0,0.673912289627867,386046.3900746987,0.10855930703137663,1.7869822955035235,1.418520105629385,0.036970175053115076,0.07801948648972556
2019-03-22,252.6,58350.6,349349.0,0.6725168774471753,386163.9230240149,0.1084303725183519,1.7920435987955448,1.4231432706773322,0.03656299119624832,0.0773473134171264
2019-03-25,247.25,57114.75,349349.0,0.6742800337353306,384923.199527958,0.10689135229839693,1.7892890808937636,1.4150773309260358,0.0367841358236311,0.07852291196370134
2019-03-26,253.7,58604.7,349349.0,0.6750310512425762,386388.60093699564,0.10934055587711597,1.7815393249528544,1.4157098330582403,0.03741219326770297,0.07843023911093945
2019-03-27,268.45,62011.95,349349.0,0.6829895833684356,389669.64006086404,0.11625107001496784,1.741667626655201,1.397584772236314,0.0407833101919702,0.08111889688926205
2019-03-28,276.1,63779.100000000006,349349.0,0.6842878055751003,391402.3221974036,0.1192216351272466,1.732551865283259,1.3970422913933562,0.04158767550119,0.08120042694200985
2019-03-29,275.1,63548.100000000006,349349.0,0.6845563390875244,391170.63051224576,0.11893223785821888,1.7320787243047893,1.3957527565071877,0.041629773354157296,0.08139448073210226
2019-04-01,275.9,63732.899999999994,349349.0,0.6843089817862671,391356.368137863,0.11915652532552476,1.7325783081269703,1.3968854042702687,0.0415853237596381,0.08122401720536593
2019-04-02,280.3,64749.3,349349.0,0.6829098367391084,392378.600192197,0.1203720719237491,1.735544190462517,1.4032411955839508,0.04132223069038778,0.08027246347412087
2019-04-03,273.7,63224.7,349349.0,0.6845568625882817,390850.7392437621,0.1184420673919699,1.7328307953320328,1.3951129482800664,0.04156287378432087,0.0814908910807054
2019-04-04,268.05,61919.55,349349.0,0.6853573178355676,389550.6339250623,0.11662967685699305,1.7330168122865048,1.3900509302061963,0.041546340313886744,0.08225670617740594
2019-04-05,266.85,61642.350000000006,349349.0,0.681428440201582,389322.08412161184,0.1153466227023885,1.7484962440540452,1.4017153928868116,0.04018906770602982,0.0805001260920295
2019-04-08,260.05,60071.55,349349.0,0.6845069182217695,387733.7047500126,0.11360151121426694,1.741127382054562,1.3890193900705918,0.040830626303346926,0.08241342696030157
2019-04-09,270.6,62508.600000000006,349349.0,0.686792481773969,390116.04814786935,0.11784808177937083,1.7261948045195894,1.3867747698779906,0.042156186214886676,0.08275522639458349
2019-04-10,268.25,61965.75,349349.0,0.6787848648002086,389672.0469065515,0.11526184354331868,1.7576624227467912,1.4106265020089204,0.039402482611695704,0.0791773864819389
2019-04-11,269.05,62150.55,349349.0,0.6752739120306739,389894.1617461442,0.11477668274575561,1.7705430345894129,1.42204019374146,0.03831836101444587,0.0775072914751882
2019-04-12,267.9,61884.899999999994,349349.0,0.6740420228401603,389644.7850001372,0.11411050729729633,1.7759406624410494,1.4254032671792223,0.03787134894619582,0.07702033209256771
2019-04-15,265.5,61330.5,349349.0,0.6700658866225028,389138.8631176397,0.11242471059199702,1.792712412965184,1.4369187463471316,0.0365094603368786,0.07537054129636184
2019-04-16,266.45,61549.95,349349.0,0.6688889260981572,389368.6295869715,0.11250109270440843,1.7966657342813344,1.4411136321777733,0.036194350955295156,0.07477629144366225
2019-04-18,255.8,59089.8,349349.0,0.6707036164441589,386914.26810435567,0.10918128725661375,1.7967496509022949,1.4303865038367523,0.036187686382202856,0.07630305980370347
2019-04-22,238.35,55058.85,349349.0,0.6882820280922994,382740.6490032343,0.10649476378429695,1.742955302860925,1.3673499812601446,0.04067071134570854,0.08575781618247025
2019-04-23,232.7,53753.7,349349.0,0.6889626709669138,381445.60555725975,0.10452813860384486,1.7453077623631088,1.3626356844492609,0.04046565573940119,0.0864986783464608
2019-04-24,239.15,55243.65,349349.0,0.6677825067959622,383139.14066436945,0.10269811100050467,1.8213902806855031,1.4318991828423944,0.03427377577430155,0.07608633807347531
2019-04-25,237.05,54758.55,349349.0,0.667109831950341,382666.01497017615,0.10181581509703222,1.8259239230734614,1.4330576482036945,0.03393086104950503,0.07592068167342751
2019-04-26,237.2,54793.2,349349.0,0.6560942032428855,382804.40269327676,0.09973445660415617,1.869757591288835,1.4686925896639786,0.03075874398427734,0.07095809415629158
2019-04-30,168.0,38808.0,353972.0,0.9670837808407686,365584.1505881531,0.1319626313029216,0.9364136168454643,0.6332975027981504,0.17453013485779545,0.2632696918678453
2019-05-02,173.75,40136.25,353972.0,0.9695592926816198,366679.8431593544,0.13632912799467817,0.9240760040402052,0.6306684205811408,0.17772337288375417,0.2641286757507997
2019-05-03,175.9,40632.9,353972.0,0.9685785991133281,367156.76926679554,0.13747773700289878,0.9246663917074291,0.633710191292546,0.17756973325407305,0.2631349863619332
2019-05-06,166.25,38403.75,353972.0,0.971084197850788,365088.7936313778,0.1317831664513905,0.9275796148427953,0.6240507114395338,0.1768128380093273,0.2662971408866869
2019-05-07,164.75,38057.25,353972.0,0.9692105453700903,364845.869617633,0.13033698963218032,0.934219137093922,0.6273223757609906,0.17509543304751296,0.2652239694842443
2019-05-08,160.75,37133.25,353972.0,0.9695641207468075,364016.604531088,0.12776299244876835,0.9378300872842154,0.6247503821728968,0.17416586818257246,0.2660674502659046
2019-05-09,170.3,39339.3,353972.0,0.9771211881070451,365705.3141536947,0.13595585038414248,0.9074125576109162,0.6131994002735878,0.1820943356137006,0.2698722506394041
2019-05-10,163.85,37849.35,353972.0,0.9801873958244769,364282.99059156846,0.13239887041620413,0.9059629246127211,0.6038455434427948,0.18247773829342645,0.2729731684180299
2019-05-13,154.7,35735.7,353972.0,0.9867766545214234,362203.6839469491,0.12771962820031746,0.8991002586777579,0.585914254587115,0.18429963016750994,0.278966568822265
2019-05-14,155.85,36001.35,353972.0,0.9868005775622083,362434.0122811404,0.1285234841696614,0.8976216792695805,0.5863945112665969,0.1846936385878104,0.2788052159547964
2019-05-15,142.95,33021.45,353972.0,1.0019322797244496,359335.899204147,0.12289067252704419,0.8746695623838192,0.5491769991366181,0.19087686305338164,0.29144199373361945
2019-05-16,137.75,31820.25,353972.0,1.0038529767986741,358248.1872921298,0.1195047437624263,0.8775174745900958,0.5428027282071453,0.19010281581186472,0.29363281730557894
2019-05-17,134.15,30988.65,353972.0,0.8319038700421353,361751.1085129599,0.08445966866511216,1.3991518070756146,0.9255529801775066,0.0808837324283544,0.17733916926952686
2019-05-20,143.55,33160.05,353972.0,0.8463617310869287,363533.2956455654,0.09211217150235844,1.3289313250010315,0.8946781818214046,0.09193531400672927,0.185479572579003
2019-05-21,141.0,32571.0,353972.0,0.8458260071838675,362992.15359588026,0.09059068673030128,1.3363412149843128,0.8947947222517372,0.09071888549011359,0.185448416073692
2019-05-22,137.55,31774.050000000003,353972.0,0.8465777032104074,362233.82867810235,0.08877421790253832,1.3419627550243731,0.8913814832871846,0.08980403612287319,0.1863622740307403
2019-05-23,139.75,32282.25,353972.0,0.8455800957700962,362726.64113258116,0.08984635663364259,1.3400153606223528,0.8948108860201832,0.09012017554333518,0.18544409502701403
2019-05-24,141.2,32617.199999999997,353972.0,0.8462861166425452,363026.95749462553,0.09078186978830437,1.334392064837553,0.8937754517045934,0.09103769962817154,0.18572102303354404
2019-05-27,146.8,33910.8,353972.0,0.8478882216978146,364207.27390475775,0.09419570105685694,1.3171398373170764,0.8924920078385757,0.09389587789133808,0.18606463732672202
2019-05-28,152.8,35296.8,353972.0,0.849726580270234,365469.721610712,0.09786182444548944,1.299558363706815,0.8908187941489163,0.09687618890278371,0.18651319541373845
2019-05-29,151.7,35042.7,353972.0,0.8495423895005844,365235.29056328826,0.09721858945805498,1.3022019477373232,0.890758002469448,0.09642367977204164,0.1865295051526763
2019-05-30,155.0,35805.0,353972.0,0.8515357428949545,365910.0258276948,0.0994144218231989,1.2898334282181623,0.8874773186474905,0.09855424939228602,0.1874109861352367
2019-05-31,147.8,34141.8,353972.0,0.8546843079168053,364292.3211197966,0.09597331075979658,1.2934155569692254,0.8766330193727825,0.09793368620330606,0.1903429992235055
2019-06-03,149.45,34522.95,353972.0,0.8524739627620667,364691.6770060096,0.0964993321729458,1.297194485595007,0.8826838449585295,0.0972821388111042,0.1887035565247268
2019-06-04,152.8,35296.8,353972.0,0.8545624853881916,365373.84281499276,0.09875480856282112,1.2842613751031695,0.8792178072797889,0.09952525833334575,0.18964159551618565
2019-06-06,143.4,33125.4,353972.0,0.8622744091426263,363195.90075447084,0.0948326994379631,1.2783346515630551,0.8565392135225416,0.10056572740727371,0.19584979612486864
2019-06-07,139.9,32316.9,353972.0,0.8628142756675822,362434.5766490004,0.09290779588721117,1.2841789586003654,0.8536445818236363,0.09953967285925897,0.19665097437627965
2019-06-10,135.9,31392.9,353972.0,0.8635239451324334,361564.2282071801,0.0907036382602219,1.2911092707568024,0.8501126275434063,0.09833289490884334,0.19763123586652864
2019-06-11,139.55,32236.050000000003,353972.0,0.8649522870126707,362317.6013532736,0.09307993575842419,1.278164051491422,0.8484258949910312,0.10059579424477272,0.19810041321101685
2019-06-12,134.75,31127.25,353972.0,0.866487177050491,361261.1940092657,0.09053730958103698,1.2843866267743451,0.8425798160230565,0.09950335492011153,0.19973174168251878
2019-06-13,117.1,27050.1,353972.0,0.9019446973414512,356832.09826433985,0.08557619506886022,1.2198006879975032,0.752380981292696,0.11127022026744443,0.225910990268687
2019-06-14,115.05,26576.55,353972.0,0.8990915541015625,356463.27858330135,0.08378938265974452,1.2352768525487083,0.7578893992667847,0.10836374273488697,0.22425859847778384
2019-06-17,116.15,26830.65,353972.0,0.9001544262562563,356670.8531766418,0.08467125535933101,1.2284092334949,0.7559938921816467,0.109646691712733,0.224826428858243
2019-06-18,109.3,25248.3,353972.0,0.9049065655781956,355155.4266458599,0.08094670015659584,1.2361407804166282,0.7419884564476732,0.10820311931429155,0.22904716481470255
2019-06-19,103.2,23839.2,353972.0,0.9077858530057561,353841.8632399011,0.07731924387970765,1.2499236641364333,0.7325880308207283,0.10566371700772964,0.231904866733451
2019-06-20,114.55,26461.05,353972.0,0.9384140551379457,355508.63560754375,0.08996442997792203,1.114717529179953,0.6700973608554683,0.13248574344040315,0.2513978635870188
2019-06-21,109.6,25317.6,353972.0,0.9400154383146535,354470.8414157145,0.08677889016274642,1.1251928648872918,0.6642512703937066,0.13025365800447947,0.2532647518859868
2019-06-24,111.95,25860.45,353972.0,0.9426194903830623,354884.43609203066,0.08886656955172016,1.1098184310303412,0.6597054110074394,0.13353863770143914,0.2547214468042548
2019-06-25,110.05,25421.55,353972.0,0.9391397365204548,354581.67114682717,0.08694931210171941,1.1264125698726857,0.6663744277283845,0.1299954643512249,0.25258590178615764
2019-06-26,113.05,26114.55,353972.0,0.9315837176762057,355361.3541480347,0.08777144392047714,1.140068331591469,0.6843392446205302,0.12712891711438595,0.24688048547968122
2019-06-27,112.4,25964.4,353972.0,0.9275595276152684,355318.9157342105,0.0866562790035786,1.1544838091635115,0.692890022078006,0.12415093635043128,0.24418928594524386
2019-06-28,108.75,25121.25,353972.0,0.9279784972352082,354566.36100870254,0.08422003819588933,1.165176426577769,0.6902300734668492,0.12197379283804727,0.2450247570354258
2019-07-01,109.15,25213.65,353972.0,0.9280447363032531,354646.2985947642,0.08450621532475304,1.1636124781799866,0.6902745130814189,0.1222905461291941,0.2450107862465039
2019-07-02,100.8,23284.8,353972.0,0.93488306386874,352810.1624326425,0.0797500011590357,1.1728185847883725,0.6712511939587111,0.1204342818493106,0.2510302603283622
2019-07-03,99.75,23042.25,353972.0,0.9348699131346844,352599.13060851686,0.07900298796930778,1.1770852809156915,0.6707753168477529,0.11958073468616703,0.2511818370208324
2019-07-04,96.25,22233.75,353972.0,0.935639571047073,351880.21604798274,0.07662163642096939,1.1894495481840208,0.6674037936371625,0.11713140652022708,0.2522571216762365
2019-07-05,88.15,20362.65,353972.0,0.9464052930280419,350050.7351006048,0.07226145290597813,1.1935745157560955,0.6400290445344556,0.11632222380834484,0.2610768584984826
2019-07-08,93.15,21517.65,353972.0,0.9581973662823905,350789.38269548654,0.07770559444345626,1.1318245620448657,0.6170611105007603,0.12885409959813787,0.26859720928312036
2019-07-09,91.35,21101.85,353972.0,0.9508409510839009,350592.069713531,0.07527328620654056,1.1633942091613982,0.631997188839408,0.12233479897955662,0.26369435707621286
2019-07-10,93.0,21483.0,353972.0,0.9535240222643715,350860.7677948141,0.07689584159258187,1.1472034222740999,0.6270192462307128,0.12564877875301828,0.26532330965794415
2019-07-11,92.45,21355.95,353972.0,0.9528751800253421,350766.1905057113,0.07639013570841503,1.1517761606046948,0.62814834362212,0.12470653325149855,0.2649533830797532
2019-07-12,94.2,21760.2,353972.0,0.9554372489465536,351055.91096180084,0.07807622278841861,1.1358098004752006,0.6234899344335586,0.1280180872555129,0.26648130735792963
2019-07-15,93.2,21529.2,353972.0,0.9553804031177888,350860.299788725,0.07732142820691883,1.1404474075948121,0.6231263889897682,0.12704997584223582,0.2666007348274717
2019-07-16,103.85,23989.35,353972.0,0.9886940534963129,352130.78974731517,0.09080872599558851,0.9983813896240717,0.5578950865573024,0.1590472272261922,0.2884580134460839
2019-07-17,98.4,22730.4,353972.0,0.9904792909643613,351038.3238393835,0.08685832783017206,1.0120549855399523,0.5515349525247049,0.15575588183812294,0.2906335065971113
2019-07-18,85.8,19819.8,353972.0,1.0151736126432722,348040.4906642966,0.08058315689377693,0.9909538422169181,0.49457219694671345,0.16085405974066547,0.3104510659799736
2019-07-19,83.25,19230.75,353972.0,1.0154336334039045,347567.4128248322,0.07845993523311165,1.0025861609315956,0.49277182217186627,0.15803028787394574,0.3110869113905116
2019-07-22,91.15,21055.65,353972.0,1.0353734098142278,348459.4247956515,0.08847502709268042,0.9086187228317789,0.4565137468355723,0.1817757100532459,0.32401029390802727
2019-07-23,90.65,20940.15,353972.0,1.035495113682543,348365.99481514416,0.08806242013531702,0.9102444306113087,0.4560211655847983,0.1813468086308268,0.3241873790927087
2019-07-24,89.15,20593.65,353972.0,1.0349135597698091,348113.3076457884,0.0866611079510874,0.9180027531104805,0.45643468704586826,0.17930871225728356,0.32403871357797254
2019-07-25,87.65,20247.15,353972.0,0.7759591797155925,352322.4388955541,0.05162312133645734,1.8208214880425353,1.0459748889905875,0.03431699840086125,0.1477863130932064
2019-07-26,96.05,22187.55,353972.0,0.7988552906246241,353928.4631671841,0.05871350332897243,1.6717339964723303,0.9904597114772834,0.04728839359723617,0.16097473602749246
2019-07-29,94.75,21887.25,353972.0,0.7975469987756848,353659.83596183517,0.05783899783289209,1.6847637520043457,0.993188837176678,0.04601708049682623,0.16030896863672406
2019-07-30,86.05,19877.55,344666.0,0.8114661908894453,342870.558473851,0.055748385479343736,1.6722138442488528,0.9547042759256396,0.04724108074338461,0.16986363345578914
2019-07-31,91.2,21067.2,344666.0,0.8237329250710215,343842.9532803552,0.06021749220224336,1.5908353722510526,0.9265765574591968,0.05582331506294852,0.17707321552734812
2019-08-01,88.4,20420.4,344666.0,0.82434803548582,343234.3642709171,0.058593762445306,1.6063321590320911,0.9236656373637179,0.05410047401356329,0.17783021411496086
2019-08-02,88.3,20397.3,344666.0,0.8124490512576761,343345.6727238471,0.05719468751937247,1.6527109016455928,0.953345248385374,0.049194857319896916,0.1702075862822267
2019-08-05,81.1,18734.1,344666.0,0.8246878415407176,341665.65039972315,0.05416659072094204,1.6576599215029317,0.9191973476615417,0.048693063812036606,0.17899617910520405
2019-08-06,85.35,19715.85,344666.0,0.8289623610059902,342527.8352531918,0.05724814054196618,1.6094569601698931,0.9107443099192233,0.0537582294503463,0.18121505573709534
2019-08-07,86.85,20062.35,344666.0,0.8301094266666341,342835.51193187665,0.058300511490291626,1.5947624769091546,0.9086621498706703,0.05538268046649468,0.181764244696768
2019-08-08,89.2,20605.2,344666.0,0.8177696174977817,343481.08345774905,0.05832900469447914,1.6262076147895574,0.9404424417077335,0.05195274841242468,0.17349533033812697
2019-08-09,82.15,18976.65,344666.0,0.8298496461567159,341833.7545754403,0.055366844148174166,1.6294218436371621,0.9069678079158743,0.05161187386012562,0.182211910574256
2019-08-13,73.6,17001.6,344666.0,0.8547571868841897,339741.5110435543,0.05251289449193365,1.6039952365361336,0.8422775596302398,0.054357551295414266,0.19981630444912385
2019-08-14,76.55,17683.05,344666.0,0.8456529313968368,340466.43963600724,0.05349821853073644,1.6133190831062445,0.865630634807378,0.05333760134809566,0.1933463751008821
2019-08-16,79.45,20251.805,344666.0,0.8511045800096388,342751.7977430438,0.061250550555622084,1.5110870924630986,0.8580317380679454,0.06538313142410082,0.19543746920082494
2019-08-19,76.65,19538.085000000003,344666.0,0.852255945284039,342083.7762113779,0.05940390084180535,1.5270953856855607,0.85373893209977,0.06336864709381537,0.196624828777824
2019-08-20,71.2,18148.88,344666.0,0.8605040402875918,340714.8017268561,0.05640799520922037,1.5401895657143343,0.8310702316263597,0.061757076281613636,0.2029669776464919
2019-08-21,65.4,16670.460000000003,344666.0,0.872384374645149,339233.9312515268,0.05337219244274064,1.5493049971436201,0.7998510555070036,0.060654209534814534,0.2118985491154512
2019-08-22,56.3,14350.869999999999,344666.0,0.9095379823915969,336721.0648650574,0.04994077591222814,1.510429360221503,0.7094806510884939,0.06546695080040064,0.23901312724664547
2019-08-23,59.25,15102.825,344666.0,0.9127101138446323,337331.4780268393,0.052700594907297296,1.4630110507320842,0.7040063360725664,0.07173217757675536,0.2407144138929937
2019-08-26,62.9,16033.21,344666.0,0.9256342237335351,337950.9229986539,0.057132390004409526,1.3773762930205076,0.6772480470830845,0.08419796925915524,0.24912429383302537
2019-08-27,64.5,16441.05,344666.0,0.9262644189598122,338292.1784317688,0.058545268931692956,1.3599792150448724,0.6767472352469903,0.08691825068873488,0.24928317062553207
2019-08-28,59.5,15166.550000000001,344666.0,0.9337548092770956,337088.59187881474,0.05513805924479157,1.3828895287782823,0.6574378072656422,0.08334937075635962,0.2554497241869774
2019-08-29,57.4,14631.26,344666.0,0.9330786694763218,336643.3247511001,0.05325791561142406,1.4088037530137327,0.6577416894541175,0.07944660255709318,0.2553520644452108
2019-08-30,59.95,15281.255000000001,344666.0,0.9378038201205946,337125.29950573697,0.05596751868533177,1.3635168742028894,0.648816616989532,0.08635983503938549,0.25822845775150816
2019-09-03,58.75,14975.375,344666.0,0.9325422021105497,336943.73257584823,0.054363310961824805,1.3954711820851533,0.6596808247228331,0.08143689954120642,0.25472933725066915
2019-09-04,59.45,15153.805,344666.0,0.9339032199333075,337075.5500396151,0.05511114118097118,1.3828898582749565,0.6570838026781393,0.08334932023300112,0.255563516554822
2019-09-05,61.95,15791.055,344666.0,0.940229136915963,337519.96150374407,0.05796810607201486,1.334676534722956,0.6446419155082579,0.09099111838431351,0.25957963267371664
2019-09-06,60.4,15395.96,344666.0,0.9369008111284758,337236.33505728,0.05625678814694162,1.3620708325019453,0.6510455266220436,0.08658776610495439,0.2575085493822223
2019-09-09,63.1,16084.19,344666.0,0.9432204440980192,337720.4115279153,0.059307454574271404,1.313221915538857,0.6387704441827975,0.09455409063534265,0.2614861390892132
2019-09-11,71.6,18250.84,344666.0,0.9473339393818341,339486.5343855796,0.06713741850915007,1.2303829418179009,0.6345900011860168,0.10927686903945799,0.2628479255363254
2019-09-12,67.95,17320.455,344666.0,0.9514669372278495,338624.5236171737,0.06451791898896546,1.2436045946391319,0.6236217956458595,0.10682256216823505,0.26643799662597556
2019-09-13,68.55,17473.395,344666.0,0.9514086114903147,338754.5788561828,0.06503217208808323,1.2391630568077128,0.6240828785565274,0.10764255939971556,0.26628657874040684
2019-09-16,67.05,17091.045,344666.0,0.945665610763208,338532.05711855664,0.06301611655839956,1.2704280755025832,0.6356698234143193,0.10196609390764488,0.2624958245109927
2019-09-17,65.1,16593.989999999998,344666.0,0.9411718596775783,338186.00363250024,0.060793389293483956,1.3023175939307532,0.6443513172539016,0.09640391983145857,0.25967382279105167
2019-09-18,64.1,16339.089999999998,344666.0,0.9118354496654176,338417.86604404997,0.05659038854493301,1.4155116413985966,0.7086778304195496,0.07845926880180724,0.23926221272678067
2019-09-19,54.1,13790.09,344666.0,0.966691742400734,335436.48112749757,0.053854071646916205,1.3259285254801385,0.583180599896122,0.09243168665718682,0.27988586478760524
2019-09-20,55.5,14146.95,344666.0,0.9673638625434305,335717.48796674924,0.05522192327210494,1.3068982356661576,0.5825482378781273,0.09562363770174648,0.28009872976033123
2019-09-23,55.45,14134.205000000002,344666.0,0.9675464185867657,335704.12356182816,0.055195568556199844,1.3068273724437418,0.58213151286088,0.09563567328877526,0.28023905013097067
2019-09-24,56.05,14287.145,344666.0,0.9653798463559708,335864.29188714747,0.055512473965842066,1.3076436781165806,0.5870849074047438,0.09549709741356327,0.27857334169140124
2019-09-25,53.7,13688.130000000001,344666.0,0.9673942649945123,335342.1915902788,0.053557544958394925,1.3283178027994125,0.5814575792571798,0.09203657044733166,0.28046605026379123
2019-09-26,51.05,13012.645,344666.0,0.9696718335118557,334757.5158470358,0.05131916719659376,1.3545382673348705,0.5751023921039303,0.08778235664546497,0.28261102511891
2019-09-27,48.75,12426.375,344666.0,0.9714669213920274,334256.42706192605,0.0493284702165816,1.3808650999449392,0.569974354207721,0.08366022124364103,0.2843475462215843
2019-09-30,41.4,10552.86,344666.0,1.0102706523890863,332214.1145286313,0.04570608840424835,1.3599791859468646,0.48482225616938596,0.08691825529289121,0.3139012169163665
2019-10-01,32.0,8156.8,344666.0,1.1259822408598743,328662.1436931523,0.04529083145518465,1.1355243596853377,0.2523433997689786,0.12807784066345979,0.40038782254320837
2019-10-03,42.5,10833.25,344666.0,1.2848229757005227,325050.49841675255,0.08184957374215221,0.464938786364233,-0.023762598031617014,0.3209876468440418,0.5094790129670086
2019-10-04,42.15,10744.035,344666.0,1.2754887437453217,325415.09642977855,0.07967987125435703,0.49386769128595387,-0.00814115198025231,0.3106998116928037,0.5032478138594298
2019-10-07,45.65,11636.185,344666.0,1.282025470471078,325344.9036863449,0.08685625328495342,0.44369891326123606,-0.016832119188092784,0.32863014063858487,0.5067147269417186
2019-10-09,43.25,11024.425000000001,344666.0,1.2848476759698888,325088.74492682226,0.08317163530425134,0.4576513808743996,-0.023281810515615103,0.3236014615582516,0.5092872595561859
2019-10-10,40.95,10438.155,344666.0,1.2861266284446455,324919.0389628492,0.0793276340118958,0.47718266103675855,-0.027055244180503996,0.31661602842128767,0.5107921641748534
2019-10-11,39.6,10094.04,344666.0,1.2866603863833581,324834.23057265737,0.07700992402522411,0.49050686057794435,-0.028906715091838876,0.3118876381504202,0.5115305050037998
2019-10-14,40.1,10221.49,344666.0,1.286045755841328,324881.93018633727,0.07780304891943093,0.4866047763137139,-0.027513893269814495,0.3132692190557136,0.510975070592042
2019-10-15,40.6,10348.94,344666.0,1.2871867087003974,324859.14273745095,0.0788791901836255,0.47800802528399094,-0.02909657235301145,0.3163222465405691,0.5116062152459472
2019-10-16,41.05,10463.644999999999,344666.0,1.2630105992264675,325835.0360859846,0.07579002295516842,0.5402206183408155,0.012446665512473488,0.29452244757222146,0.4950346270828913
2019-10-17,47.4,12082.26,344666.0,1.3017259980466132,324532.36778358824,0.09358503179836193,0.37859010009192384,-0.04882867865235124,0.35249613742721997,0.5194720864158465
2019-10-18,51.4,13101.86,344666.0,1.2890397014267272,325369.1126829577,0.09807834902820955,0.38310958680306606,-0.024727620861340036,0.350819255848396,0.5098638882240697
2019-10-22,51.8,13203.82,344666.0,1.2886644639055616,325412.84513364313,0.09868706434372926,0.3815015540589757,-0.023820057907098274,0.35141555913810485,0.5095019296541086
2019-10-23,51.2,13050.880000000001,344666.0,1.2721930459788056,326157.9264366169,0.09443090574025456,0.42726764642354254,0.003677512595687363,0.33459219755365355,0.4985328880457668
2019-10-24,48.3,12311.67,344666.0,1.276061258544011,325776.7393061505,0.09030199372082943,0.43807715831212884,-0.004880946507360241,0.33066517592714817,0.5019472081985632
2019-10-25,52.15,13293.035,344666.0,1.2884154869946907,325447.54031057033,0.09923414081751256,0.3799271334887461,-0.023159945922344258,0.3519997526385679,0.5092386557230596
2019-10-27,54.75,13955.775,344666.0,1.293676201224301,325348.31281613675,0.10476015367185822,0.3515951611861642,-0.030229402810683273,0.3625709473025557,0.5120579504049069
2019-10-29,58.15,14822.435,344666.0,1.2849764816291211,326043.3313280731,0.10858829233514951,0.355091226783306,-0.013272610052280661,0.361260624480581,0.5052948498619658
2019-10-30,56.8,14478.32,344666.0,1.2853079365047937,325925.57852951146,0.10641923952189798,0.36112557584574134,-0.0147463076567636,0.3590027873821929,0.5058827124004964
2019-10-31,70.4,17944.960000000003,344666.0,1.3509156535636044,322672.4040616104,0.14644177309632472,0.1593749551331508,-0.11377115034106583,0.4366867348007126,0.5452903956202992
2019-11-01,66.6,16976.34,318786.0,1.348898503629048,298660.9113757819,0.14868633177313964,0.15963141999091235,-0.10939129059038437,0.4365857133902504,0.5435539293022564
2019-11-04,66.15,16861.635000000002,318786.0,1.3478204899254613,298709.41033064097,0.14751288798512868,0.1631801262207985,-0.10798262129474438,0.43518830672241704,0.5429952611041081
2019-11-05,68.3,17409.67,318786.0,1.3499159863618901,298687.1112912109,0.15221248312874122,0.15302439844205262,-0.10976613737863974,0.4391895173554858,0.5437025764098709
2019-11-06,68.7,17511.63,318786.0,1.3394974887003135,299428.0434403753,0.14983559568266447,0.17438278806275087,-0.09257647363842504,0.43078232010507617,0.5368799826085014
2019-11-07,66.45,16938.105,318786.0,1.3361685233614184,299506.3240821603,0.14468440048073963,0.1876409175122772,-0.08882288830986329,0.42557907419181734,0.5353886663285563
2019-11-08,68.95,17575.355,318786.0,1.3381120308229655,299538.35972508445,0.14988584705145344,0.17673165442839417,-0.09013810537133288,0.4298595877974652,0.535911265627907
2019-11-11,73.0,18607.7,318786.0,1.3425151104951025,299509.1177704727,0.15867056777857078,0.15779016195885753,-0.09430448016671378,0.43731107557955057,0.5375663544400683
2019-11-13,68.2,17384.18,318786.0,1.3392331388721035,299413.6210377331,0.1488301197138977,0.17624612484595978,-0.09251667717888346,0.4300502927554166,0.5368562292130521
2019-11-14,68.75,17524.375,318786.0,1.3207446752275196,300670.1397884098,0.14445206133187194,0.21502325519526344,-0.061885219707713914,0.4148745937886327,0.524672881049667
2019-11-15,68.7,17511.63,318786.0,1.3180552854068472,300838.4050571785,0.14359446948740223,0.221063828715311,-0.057498431675290396,0.41252136700268743,0.522925922307282
2019-11-18,65.85,16785.164999999997,318786.0,1.3180879747384922,300621.2058644944,0.13848662215492022,0.229204207105546,-0.05963235614930313,0.4093551014103004,0.5237757761326309
2019-11-19,64.15,16351.835000000001,318786.0,1.3172064801103778,300552.5802337242,0.1351668981297758,0.2365049319303284,-0.05942551075539038,0.40652044034775203,0.5236934028418836
2019-11-20,65.85,16785.164999999997,318786.0,1.3101683366776093,301106.8722034446,0.1363198955117107,0.24687277327407156,-0.04655468168288861,0.4025033440170336,0.5185659241917893
2019-11-21,64.25,16377.325,318786.0,1.2994996514569095,301610.17311128025,0.13065018707530338,0.2761618630984021,-0.029999198706622727,0.39121187371791977,0.5119661538881206
2019-11-22,64.8,16517.52,318786.0,1.2616431917428854,303730.82204847806,0.1220661297666498,0.3618674088148784,0.034176180490798506,0.3587255578778361,0.48636833032863086
2019-11-25,63.75,16249.875,318786.0,1.258081478495036,303803.288052745,0.11948933504231607,0.37427215830210087,0.03951424885491568,0.354100921885546,0.48424019672289015
2019-11-26,63.15,16096.935,318786.0,1.2523048273641118,304028.07364717545,0.11715054174844122,0.3904197795052451,0.04897876350130298,0.3481130820681132,0.4804681099474982
2019-11-27,68.25,17396.925,318786.0,1.261391719254715,304110.00883225934,0.1276272502662123,0.35043549269543756,0.03702280131044178,0.3630059468528105,0.4852334126922867
2019-11-28,70.05,17855.745,318786.0,1.2508099905350991,304872.42892123334,0.1278347567029088,0.369246445277473,0.056342497777803466,0.3559720198586056,0.4775344821265267
2019-11-29,68.3,17409.67,318786.0,1.2495958364652644,304734.5856840096,0.12476444868529539,0.3778165357130114,0.057212385881069985,0.352783444466677,0.47718800590800525
2019-12-02,64.05,16326.345,318786.0,1.2541490271745561,304032.80924477475,0.11904573052827544,0.3824550975304054,0.04644976728885334,0.3510619144407993,0.4814758853656647
2019-12-03,59.5,15166.550000000001,318786.0,1.2627888434198102,303141.053267048,0.11353646616885099,0.3807844750943049,0.028474760429483884,0.3516815900244912,0.48864174906210633
2019-12-04,63.0,16058.7,318786.0,1.2679758551089375,303221.44623741135,0.12061393578643716,0.35376917216782433,0.02213253549571313,0.3617559391975006,0.49117111662762797
2019-12-05,62.1,15829.29,318786.0,1.2655587077718193,303256.793316354,0.11853354632567127,0.3630602351484409,0.025603023751931374,0.3582799442619331,0.48978698712831203
2019-12-06,56.0,14274.4,318786.0,1.2822442586071223,301869.3077703992,0.1119185246964774,0.35035539229472346,-0.007047460436581316,0.363035999592872,0.502811506664547
2019-12-09,56.25,14338.125,318786.0,1.278879912841701,302056.8873560735,0.11160037712626365,0.3572390706191608,-0.0011826572460091225,0.36045641945528606,0.5004718118686706
2019-12-10,50.55,12885.195,318786.0,1.2682235749940762,302088.8947822014,0.0993237410251285,0.4154967702738375,0.012773316775643466,0.33888913949728805,0.49490432244404997
2019-12-11,42.8,10909.72,318786.0,1.3070637605945914,299880.7469687543,0.09258867172385499,0.3734638648836849,-0.05855442909616292,0.35440161732773307,0.5233464956613559
2019-12-12,45.35,11559.715,318786.0,1.3135634869114858,299686.92271182104,0.09885835554292279,0.3371674563095432,-0.06745185766066163,0.36799533424585174,0.526889006644598
2019-12-13,46.65,11891.085,318786.0,1.315124770889799,299666.12414394994,0.10172075778074945,0.32417520815993367,-0.06905819741709358,0.37290269523726394,0.5275283524100092
2019-12-16,46.8,11929.32,318786.0,1.3143403483417277,299710.6648913895,0.10184939117787736,0.3250964784016747,-0.06764028258829555,0.37255402707860363,0.5269640060282252
2019-12-17,47.6,12133.24,318786.0,1.3149688408858027,299714.85250281275,0.1035378892091099,0.3182550148965651,-0.06807698690051772,0.37514575225917607,0.5271378251792433
2019-12-18,46.75,11916.575,318786.0,1.2698209620739107,301723.264626988,0.09289163906402965,0.43788435445843754,0.007275094001441629,0.3307350588467115,0.49709768301077106
2019-12-19,49.9,12719.51,318786.0,1.2761389156971212,301684.2665837128,0.099771292971563,0.39975235046268104,-0.0011645747234131593,0.3446694648359704,0.500464597990839
2019-12-20,51.4,13101.86,318786.0,1.2777595586557489,301724.07447197597,0.10278431489457031,0.38634883268464143,-0.002815603941992646,0.34961916967904405,0.5011232619731922
2019-12-23,49.65,12655.785,318786.0,1.2793212339461086,301521.9163955455,0.09996877810200402,0.39338077246217756,-0.006744154134261003,0.3470191343480977,0.5026905078340149
2019-12-24,51.2,13050.880000000001,318786.0,1.2781816511550859,301689.3228556365,0.10251523049380507,0.3865087938285593,-0.0036771308123377576,0.3495599455652085,0.501466959645743
2019-12-26,48.65,12400.885,318786.0,1.2782619705214948,301497.1481525159,0.09795154976680336,0.40268145863803984,-0.00568369837304769,0.34359128782267156,0.5022674553819098
2019-12-27,48.0,12235.2,318786.0,1.27506747839776,301590.8284841338,0.09614787478513391,0.41528726496250323,-0.0007385711715751791,0.3389658113983468,0.5002946472406392
2019-12-30,47.35,12069.515000000001,318786.0,1.2293297907998098,303377.60532738967,0.0865337308223108,0.5398377814174883,0.07759028994926084,0.29465445455287914,0.4690769832967713
2019-12-31,46.95,11967.555,318786.0,1.1041178870083874,307080.2274227124,0.06670809932981714,0.9048979754129546,0.30527063777539676,0.18275971985537265,0.3800800184637812
2020-01-01,46.65,11891.085,318786.0,0.9408296766466053,309881.814840617,0.047928813660181056,1.4713981025491578,0.6368270596770544,0.07059174313778285,0.26211874905983173
2020-01-02,47.35,12069.515000000001,318786.0,0.9409943808837324,310029.21332007454,0.04861791084439969,1.4596400055841834,0.6368979480733429,0.07219451915418587,0.2620956597138246
2020-01-03,47.1,12005.79,318786.0,0.9269875894643217,310144.5355587316,0.047057082834217424,1.51754448988294,0.6675130474129424,0.06456463486307316,0.2522222392034984
2020-01-06,45.15,11508.735,318786.0,0.924349740701527,309752.2830482015,0.04499044841108757,1.5612378200834736,0.6721602177775073,0.05923382427994629,0.2507408520360117
2020-01-07,45.05,11483.244999999999,318786.0,0.917154606067865,309809.37719237024,0.04426227774229704,1.5918202534319523,0.688116195703897,0.05571254900068519,0.24568980615799135
2020-01-08,46.05,11738.145,318786.0,0.9151277090761111,310049.7680030574,0.04500476056517682,1.5820566565941276,0.693261793613551,0.0568183185626302,0.2440726375932446
2020-01-09,47.3,12056.77,318786.0,0.9162585791708365,310310.750760248,0.046254015089867935,1.5562858452321051,0.6914960551504625,0.05982006790056505,0.2446269294616253
2020-01-10,44.75,11406.775,318786.0,0.923720050355085,309672.591188465,0.04455997009398937,1.5709785039924902,0.6733118333096131,0.05809382098362231,0.25037446303892136
2020-01-13,42.1,10731.29,318786.0,0.9323542773334116,309007.076301912,0.04279575148318659,1.5872698922325634,0.6525976732924416,0.056225765564560035,0.2570078429777066
2020-01-14,38.55,9826.394999999999,318786.0,0.9005967055745786,308546.296544153,0.036965859625161225,1.8035190831933696,0.7214395534433413,0.03565336559652713,0.2353195591780466
2020-01-15,39.75,10132.275,318786.0,0.8862229816524534,308935.57690565893,0.036986617622371695,1.836575884355967,0.7551036500361238,0.03313626505663992,0.22509339663884176
2020-01-16,39.95,10183.255000000001,318786.0,0.8860821302464953,308981.3987413662,0.03715283242992389,1.8321854522297838,0.7555515219514846,0.03346189776461914,0.22495906537460597
2020-01-17,39.25,10004.825,318786.0,0.8863808411289601,308822.7145247755,0.0365561792083954,1.8486386136842903,0.7544323572817145,0.0322550065486411,0.22529482412099572
2020-01-20,38.65,9851.885,318786.0,0.8795770423912099,308743.95334085374,0.03554143221054738,1.8952718353251827,0.7698247862856261,0.029028198745304427,0.22070191731681166
2020-01-21,38.35,9775.415,318786.0,0.8634836343094839,308799.3134090445,0.03416897500714058,1.9780459911210992,0.8073933744815637,0.02396175927426269,0.2097199414523796
2020-01-22,38.45,9800.905,318786.0,0.8563622949471346,308873.4994818677,0.03377267038428931,2.008768557827983,0.8243789450182245,0.022280842098838075,0.2048621372454671
2020-01-23,40.95,10438.155,318786.0,0.8572856416558897,309437.37299452664,0.03592350368568399,1.9371841611096987,0.8237070250824419,0.026361417841281362,0.20505302340565496
2020-01-24,42.8,10909.72,318786.0,0.8625392584874831,309818.36373847857,0.03785275200306635,1.8690782546049423,0.8123519168010298,0.03080596394437751,0.20829486413005266
2020-01-27,42.4,10807.76,318786.0,0.7313987024919283,310496.5620754035,0.028905993759983026,2.533558271341653,1.1497622208707874,0.005645548269480753,0.1251209096789111
2020-01-28,41.65,10616.585,318786.0,0.725100000181938,310338.554103628,0.028060762218547638,2.592590912039716,1.1671128837358111,0.00476280007858348,0.12158239277346528
2020-01-29,41.2,10501.880000000001,318786.0,0.7251231868441987,310228.57758201513,0.02777220751173178,2.607055768030726,1.1667669475218458,0.004566224253456652,0.12165224915839029
2020-01-30,39.05,9953.845,318786.0,0.7262316655797639,309699.66940515157,0.026442322853083376,2.675006670665677,1.1622802652645836,0.003736388164424903,0.12256082007151647
2020-01-31,39.25,10004.825,318786.0,0.7261680551051204,309748.69749307877,0.026568661182348175,2.668118533984864,1.1625853900500311,0.0038138671015068007,0.12249888062403397
2020-02-01,37.9,9660.71,318786.0,0.7264161813563091,309418.4922005569,0.025704809675299638,2.7171687043393793,1.161039695594492,0.003292151826133272,0.12281287839385996
2020-02-03,36.0,9176.4,318786.0,0.7249367771978399,308960.2582101066,0.0243933221697879,2.803845478218332,1.1640524347950958,0.0025248549935017223,0.12220138148492704
2020-02-04,34.95,8908.755000000001,318786.0,0.7119031728706035,308745.5655370344,0.023093428332121805,2.932905402527386,1.2008109111970535,0.0016790309569661903,0.11491227918317731
2020-02-05,37.6,9584.24,318786.0,0.7233540477810091,309356.10710335715,0.02535290587975965,2.747284577547663,1.1695561629151694,0.003004548494134936,0.1210898136421727
2020-02-06,38.55,9826.394999999999,318786.0,0.7259743637060135,309578.6280796082,0.026104240278975656,2.69501662865394,1.1626985235292338,0.003519255917173833,0.12247592043830569
2020-02-07,38.7,9864.630000000001,318786.0,0.726277639561921,309614.1188135773,0.026217576967867494,2.687625642231964,1.1619316374418045,0.0035981011959495255,0.12263161740166995
2020-02-10,37.55,9571.494999999999,318786.0,0.724351372214205,309340.4165493967,0.02537140742065421,2.7432635328726356,1.1666856419891745,0.0030415921856818506,0.12166867162660377
2020-02-11,36.85,9393.065,318786.0,0.7237806382031824,309171.5709186705,0.024888520922208928,2.775039071412765,1.1678724533150795,0.002759753820548279,0.12142910855429101
2020-02-12,35.2,8972.480000000001,318786.0,0.7237755070424291,308769.0018440879,0.02381598712800468,2.846398859101398,1.1668547870874808,0.002210838644558305,0.12163450866658121
2020-02-13,37.2,9482.28,318786.0,0.7355121617939067,309214.9651631928,0.025714830787062284,2.690511876366077,1.1349892936499226,0.0035671247813028636,0.1281899021389431
2020-02-14,38.9,9915.61,318786.0,0.742911082832118,309599.1056385566,0.02724164200087533,2.583807838881438,1.1154675678098658,0.004885811034497577,0.13232505449366683
2020-02-17,37.15,9469.535,318786.0,0.7467306243559959,309159.9899123131,0.026266245885114916,2.626714179213846,1.1038471438957915,0.004310685845418172,0.13482972521382675
2020-02-18,35.05,8934.244999999999,318786.0,0.7535055896750721,308626.1537529078,0.025178573403098595,2.6726563651960618,1.0840040075101647,0.00376266468994358,0.1391815109893379
2020-02-19,35.3,8997.97,318786.0,0.7320894946066595,308765.27284881315,0.02428410993676233,2.7905681263418636,1.1434004885670774,0.002630781301202831,0.1264361748692539
2020-02-20,35.45,9036.205000000002,318786.0,0.7287373628385608,308813.3022783512,0.024219449944694868,2.80450516236522,1.1529399909290388,0.0025196940307961923,0.12446750810398644
2020-02-24,34.95,8908.755000000001,318786.0,0.7281848679426661,308693.4018363073,0.02386418349218393,2.830340974002121,1.1541889274382426,0.0023249210084303556,0.12421136054439569
2020-02-25,35.15,8959.735,318786.0,0.7204770395855655,308767.55364551255,0.023625859015418884,2.869297506413386,1.1762373737047758,0.0020569232526850703,0.11975001681889957
2020-02-26,36.55,9316.595,318786.0,0.7149386480317524,309127.7402475811,0.024257791381740616,2.8419874568740062,1.1930327202070519,0.002241662771900867,0.11642827940189981
2020-02-27,36.8,9380.32,318786.0,0.7026438749431861,309227.5648479543,0.02381850926415177,2.908400728780993,1.2290345032799581,0.0018164124721495424,0.10952943496297923
2020-02-28,34.6,8819.54,318786.0,0.7108294592916866,308663.0913307363,0.022821101587895104,2.956471223739532,1.203707456138715,0.00155590633618825,0.11435133469087833
2020-03-02,31.55,8042.095,318786.0,0.7049158883919825,307932.24289756315,0.020628455453574585,3.1581118842102254,1.219042810908926,0.0007939729997452791,0.11141397203809233
2020-03-03,31.2,7952.88,318786.0,0.7043157468065697,307847.9828605884,0.02038236557450001,3.183062685666448,1.2205819395629025,0.0007286303065192944,0.11112217393780605
2020-03-04,29.3,7468.570000000001,318786.0,0.6839004119507496,307429.70290021953,0.018399546470207764,3.454278062403878,1.2803114342172908,0.00027588407656824415,0.10021781396268564
2020-03-05,36.8,9380.32,318786.0,0.7686532345549828,308984.35231852403,0.027196492547164074,2.5150588766491455,1.0442809838516778,0.005950625350971234,0.14817770412887332
2020-03-06,16.15,4116.634999999999,318786.0,1.8437249006425582,270583.9497054218,0.12588679122825297,-0.5708412488959369,-0.8885870553441574,0.7159463704855579,0.8128874747627806
